Order_ID,Order_Date,Customer_ID,Gender,Age,Age_Group,Product,Category,Quantity,Unit_Price,Discount,Sales,Profit
1,2024-01-01 00:00:00.000000000,CUST1074,Male,46,46-55,Tablet,Electronics,3,21284,5,60659.4,4925.48
2,2024-01-01 17:32:15.135135135,CUST1029,Male,41,36-45,Speaker,Accessories,4,9822,20,31430.4,7668.45
3,2024-01-02 11:04:30.270270270,CUST1021,Female,19,18-25,Monitor,Electronics,4,14420,0,57680.0,6393.74
4,2024-01-03 04:36:45.405405405,CUST1059,Male,42,36-45,Power Bank,Accessories,3,1882,5,5363.7,318.25
5,2024-01-03 22:09:00.540540540,CUST1017,Male,20,18-25,Headphones,Accessories,3,1646,20,3950.4,553.45
6,2024-01-04 15:41:15.675675675,CUST1001,Female,42,36-45,Keyboard,Accessories,2,2541,0,5082.0,270.33
7,2024-01-05 09:13:30.810810810,CUST1046,Male,45,36-45,Keyboard,Accessories,4,1978,15,6725.2,1002.29
8,2024-01-06 02:45:45.945945945,CUST1005,Male,31,26-35,Headphones,Accessories,4,2585,15,8789.0,987.38
9,2024-01-06 20:18:01.081081081,CUST1033,Female,59,56-60,Monitor,Electronics,5,20990,5,99702.5,20441.66
10,2024-01-07 13:50:16.216216216,CUST1081,Female,53,46-55,Camera,Electronics,4,26016,20,83251.2,10634.13
11,2024-01-08 07:22:31.351351351,CUST1040,Female,41,36-45,Mouse,Accessories,1,1063,15,903.55,143.25
12,2024-01-09 00:54:46.486486486,CUST1007,Male,42,36-45,Laptop,Electronics,1,42027,10,37824.3,3395.43
13,2024-01-09 18:27:01.621621621,CUST1040,Male,52,46-55,Headphones,Accessories,3,6892,5,19642.2,2390.32
14,2024-01-10 11:59:16.756756756,CUST1085,Male,24,18-25,Power Bank,Accessories,4,3904,20,12492.8,2447.6
15,2024-01-11 05:31:31.891891891,CUST1089,Male,52,46-55,Speaker,Accessories,3,9610,10,25947.0,5245.37
16,2024-01-11 23:03:47.027027027,CUST1076,Male,31,26-35,Tablet,Electronics,3,10206,5,29087.1,1602.23
17,2024-01-12 16:36:02.162162162,CUST1093,Male,49,46-55,Headphones,Accessories,1,1563,20,1250.4,189.7
18,2024-01-13 10:08:17.297297297,CUST1012,Male,40,36-45,Mouse,Accessories,5,1978,10,8901.0,806.54
19,2024-01-14 03:40:32.432432432,CUST1043,Female,39,36-45,Tablet,Electronics,2,12693,15,21578.1,4547.25
20,2024-01-14 21:12:47.567567567,CUST1088,Female,47,46-55,Keyboard,Accessories,3,2163,5,6164.55,458.75
21,2024-01-15 14:45:02.702702702,CUST1002,Male,50,46-55,Tablet,Electronics,1,11306,0,11306.0,2414.99
22,2024-01-16 08:17:17.837837837,CUST1043,Female,23,18-25,Tablet,Electronics,3,39320,20,94368.0,17787.16
23,2024-01-17 01:49:32.972972973,CUST1057,Male,32,26-35,Smartwatch,Wearables,1,22147,0,22147.0,1394.78
24,2024-01-17 19:21:48.108108108,CUST1055,Female,29,26-35,Keyboard,Accessories,2,3958,0,7916.0,630.25
25,2024-01-18 12:54:03.243243243,CUST1000,Female,19,18-25,Laptop,Electronics,4,86645,20,277264.0,32998.37
26,2024-01-19 06:26:18.378378378,CUST1055,Male,19,18-25,Headphones,Accessories,4,3777,15,12841.8,849.75
27,2024-01-19 23:58:33.513513513,CUST1010,Male,34,26-35,Speaker,Accessories,5,4431,5,21047.25,3719.17
28,2024-01-20 17:30:48.648648648,CUST1058,Female,26,26-35,Laptop,Electronics,3,84357,20,202456.8,44878.96
29,2024-01-21 11:03:03.783783783,CUST1070,Female,36,36-45,Keyboard,Accessories,3,2034,10,5491.8,657.55
30,2024-01-22 04:35:18.918918918,CUST1056,Male,58,56-60,Keyboard,Accessories,2,3419,0,6838.0,1265.97
31,2024-01-22 22:07:34.054054054,CUST1059,Male,40,36-45,Printer,Electronics,2,22646,15,38498.2,3272.0
32,2024-01-23 15:39:49.189189189,CUST1008,Male,19,18-25,Laptop,Electronics,4,60932,20,194982.4,44168.83
33,2024-01-24 09:12:04.324324324,CUST1074,Male,52,46-55,Printer,Electronics,3,10499,0,31497.0,5619.26
34,2024-01-25 02:44:19.459459459,CUST1092,Female,25,18-25,Laptop,Electronics,4,88354,0,353416.0,64569.23
35,2024-01-25 20:16:34.594594594,CUST1067,Female,35,26-35,Smartphone,Electronics,3,65108,0,195324.0,16638.68
36,2024-01-26 13:48:49.729729729,CUST1032,Male,31,26-35,Laptop,Electronics,4,62399,10,224636.4,40776.58
37,2024-01-27 07:21:04.864864865,CUST1020,Male,39,36-45,Power Bank,Accessories,5,1362,10,6129.0,838.93
38,2024-01-28 00:53:20.000000000,CUST1018,Male,45,36-45,Laptop,Electronics,1,69124,15,58755.4,11427.36
39,2024-01-28 18:25:35.135135135,CUST1092,Female,52,46-55,Keyboard,Accessories,1,516,15,438.6,104.43
40,2024-01-29 11:57:50.270270270,CUST1045,Male,23,18-25,Mouse,Accessories,4,2068,20,6617.6,1559.53
41,2024-01-30 05:30:05.405405405,CUST1084,Male,48,46-55,Mouse,Accessories,4,1292,15,4392.8,478.33
42,2024-01-30 23:02:20.540540540,CUST1053,Female,50,46-55,Tablet,Electronics,3,36641,0,109923.0,14173.28
43,2024-01-31 16:34:35.675675675,CUST1001,Female,20,18-25,Camera,Electronics,2,97991,5,186182.9,18773.33
44,2024-02-01 10:06:50.810810810,CUST1098,Female,34,26-35,Camera,Electronics,1,79748,5,75760.6,16051.57
45,2024-02-02 03:39:05.945945946,CUST1035,Female,42,36-45,Smartphone,Electronics,5,38355,5,182186.25,9298.23
46,2024-02-02 21:11:21.081081081,CUST1031,Female,18,18-25,Keyboard,Accessories,4,2406,15,8180.4,1356.09
47,2024-02-03 14:43:36.216216216,CUST1048,Male,39,36-45,Tablet,Electronics,1,32677,5,31043.15,6894.09
48,2024-02-04 08:15:51.351351351,CUST1052,Female,59,56-60,Keyboard,Accessories,3,2991,20,7178.4,1108.69
49,2024-02-05 01:48:06.486486486,CUST1098,Male,22,18-25,Power Bank,Accessories,4,1676,15,5698.4,753.73
50,2024-02-05 19:20:21.621621621,CUST1018,Female,57,56-60,Tablet,Electronics,5,47233,15,200740.25,38726.61
51,2024-02-06 12:52:36.756756756,CUST1061,Female,36,36-45,Laptop,Electronics,2,87030,5,165357.0,9106.23
52,2024-02-07 06:24:51.891891892,CUST1033,Female,26,26-35,Tablet,Electronics,5,11081,5,52634.75,4278.54
53,2024-02-07 23:57:07.027027027,CUST1063,Female,42,36-45,Monitor,Electronics,5,24244,0,121220.0,29210.75
54,2024-02-08 17:29:22.162162162,CUST1056,Male,39,36-45,Mouse,Accessories,3,453,10,1223.1,246.54
55,2024-02-09 11:01:37.297297297,CUST1015,Male,22,18-25,Power Bank,Accessories,1,2941,15,2499.85,212.65
56,2024-02-10 04:33:52.432432432,CUST1009,Female,43,36-45,Camera,Electronics,5,87752,20,351008.0,45526.07
57,2024-02-10 22:06:07.567567567,CUST1057,Female,22,18-25,Monitor,Electronics,2,15390,5,29241.0,5122.2
58,2024-02-11 15:38:22.702702702,CUST1031,Male,22,18-25,Laptop,Electronics,4,67663,5,257119.4,14219.28
59,2024-02-12 09:10:37.837837837,CUST1032,Female,37,36-45,Speaker,Accessories,4,8333,10,29998.8,5359.51
60,2024-02-13 02:42:52.972972973,CUST1028,Male,60,56-60,Headphones,Accessories,4,6536,5,24836.8,2268.52
61,2024-02-13 20:15:08.108108108,CUST1080,Female,48,46-55,Power Bank,Accessories,2,3346,5,6357.4,1186.3
62,2024-02-14 13:47:23.243243243,CUST1006,Male,25,18-25,Camera,Electronics,2,40305,5,76579.5,9045.95
63,2024-02-15 07:19:38.378378378,CUST1035,Male,28,26-35,Keyboard,Accessories,4,1228,20,3929.6,956.92
64,2024-02-16 00:51:53.513513513,CUST1095,Male,54,46-55,Camera,Electronics,3,42955,5,122421.75,12242.58
65,2024-02-16 18:24:08.648648648,CUST1022,Female,40,36-45,Smartwatch,Wearables,5,14043,0,70215.0,13057.81
66,2024-02-17 11:56:23.783783783,CUST1085,Male,52,46-55,Printer,Electronics,1,18144,15,15422.4,3320.31
67,2024-02-18 05:28:38.918918919,CUST1075,Male,36,36-45,Speaker,Accessories,4,1895,20,6064.0,1401.25
68,2024-02-18 23:00:54.054054054,CUST1068,Female,24,18-25,Printer,Electronics,4,27330,5,103854.0,18316.46
69,2024-02-19 16:33:09.189189189,CUST1022,Male,29,26-35,Headphones,Accessories,4,3938,20,12601.6,2526.3
70,2024-02-20 10:05:24.324324324,CUST1094,Male,56,56-60,Printer,Electronics,5,27545,5,130838.75,8048.12
71,2024-02-21 03:37:39.459459459,CUST1057,Male,22,18-25,Camera,Electronics,5,31801,15,135154.25,25355.75
72,2024-02-21 21:09:54.594594594,CUST1026,Male,34,26-35,Power Bank,Accessories,5,1991,5,9457.25,1223.11
73,2024-02-22 14:42:09.729729730,CUST1064,Male,19,18-25,Camera,Electronics,5,79693,10,358618.5,59624.3
74,2024-02-23 08:14:24.864864865,CUST1030,Male,34,26-35,Monitor,Electronics,1,9324,15,7925.4,951.39
75,2024-02-24 01:46:40.000000000,CUST1066,Male,56,56-60,Headphones,Accessories,2,6977,10,12558.6,907.23
76,2024-02-24 19:18:55.135135135,CUST1038,Female,45,36-45,Smartphone,Electronics,2,45355,15,77103.5,15685.86
77,2024-02-25 12:51:10.270270270,CUST1055,Male,20,18-25,Laptop,Electronics,4,40504,15,137713.6,14754.97
78,2024-02-26 06:23:25.405405405,CUST1060,Male,55,46-55,Laptop,Electronics,2,76395,20,122232.0,29821.65
79,2024-02-26 23:55:40.540540540,CUST1098,Female,33,26-35,Mouse,Accessories,5,502,15,2133.5,138.16
80,2024-02-27 17:27:55.675675675,CUST1014,Male,37,36-45,Headphones,Accessories,2,7190,0,14380.0,1342.54
81,2024-02-28 11:00:10.810810811,CUST1015,Female,20,18-25,Laptop,Electronics,1,47114,15,40046.9,9680.96
82,2024-02-29 04:32:25.945945946,CUST1089,Female,55,46-55,Smartwatch,Wearables,4,22852,5,86837.6,7609.08
83,2024-02-29 22:04:41.081081081,CUST1016,Female,45,36-45,Smartwatch,Wearables,5,6835,10,30757.5,5832.62
84,2024-03-01 15:36:56.216216216,CUST1034,Male,50,46-55,Printer,Electronics,4,8779,20,28092.8,2152.95
85,2024-03-02 09:09:11.351351351,CUST1055,Male,35,26-35,Monitor,Electronics,5,26222,0,131110.0,17522.67
86,2024-03-03 02:41:26.486486486,CUST1048,Male,22,18-25,Smartphone,Electronics,1,42712,5,40576.4,10040.84
87,2024-03-03 20:13:41.621621621,CUST1076,Female,38,36-45,Speaker,Accessories,1,5425,10,4882.5,1066.45
88,2024-03-04 13:45:56.756756757,CUST1054,Male,51,46-55,Laptop,Electronics,3,48702,0,146106.0,7704.81
89,2024-03-05 07:18:11.891891892,CUST1052,Male,45,36-45,Monitor,Electronics,5,17860,10,80370.0,12946.51
90,2024-03-06 00:50:27.027027027,CUST1000,Female,27,26-35,Mouse,Accessories,3,1468,20,3523.2,493.63
91,2024-03-06 18:22:42.162162162,CUST1071,Female,30,26-35,Headphones,Accessories,1,5976,5,5677.2,690.53
92,2024-03-07 11:54:57.297297297,CUST1053,Female,43,36-45,Tablet,Electronics,2,38538,5,73222.2,16140.83
93,2024-03-08 05:27:12.432432432,CUST1046,Female,22,18-25,Power Bank,Accessories,3,2648,0,7944.0,610.12
94,2024-03-08 22:59:27.567567567,CUST1037,Male,32,26-35,Tablet,Electronics,5,22173,5,105321.75,22223.83
95,2024-03-09 16:31:42.702702702,CUST1097,Female,51,46-55,Power Bank,Accessories,2,2158,10,3884.4,264.92
96,2024-03-10 10:03:57.837837838,CUST1004,Male,55,46-55,Keyboard,Accessories,4,1041,5,3955.8,880.06
97,2024-03-11 03:36:12.972972973,CUST1087,Female,27,26-35,Keyboard,Accessories,1,1853,0,1853.0,188.36
98,2024-03-11 21:08:28.108108108,CUST1042,Female,51,46-55,Mouse,Accessories,5,1773,20,7092.0,651.23
99,2024-03-12 14:40:43.243243243,CUST1055,Male,40,36-45,Speaker,Accessories,3,7531,15,19204.05,1658.77
100,2024-03-13 08:12:58.378378378,CUST1060,Female,20,18-25,Printer,Electronics,3,6666,20,15998.4,3913.56
101,2024-03-14 01:45:13.513513513,CUST1004,Male,36,36-45,Camera,Electronics,5,61668,20,246672.0,39404.14
102,2024-03-14 19:17:28.648648648,CUST1072,Female,29,26-35,Printer,Electronics,2,16160,5,30704.0,5774.78
103,2024-03-15 12:49:43.783783784,CUST1035,Male,39,36-45,Camera,Electronics,3,44262,20,106228.8,5366.57
104,2024-03-16 06:21:58.918918919,CUST1077,Male,25,18-25,Laptop,Electronics,3,62195,5,177255.75,35804.08
105,2024-03-16 23:54:14.054054054,CUST1006,Male,19,18-25,Smartwatch,Wearables,2,6621,10,11917.8,1197.59
106,2024-03-17 17:26:29.189189189,CUST1037,Female,40,36-45,Headphones,Accessories,3,6870,15,17518.5,1251.42
107,2024-03-18 10:58:44.324324324,CUST1038,Female,32,26-35,Headphones,Accessories,1,6750,20,5400.0,466.87
108,2024-03-19 04:30:59.459459459,CUST1012,Male,34,26-35,Printer,Electronics,2,22509,15,38265.3,3698.08
109,2024-03-19 22:03:14.594594594,CUST1099,Female,42,36-45,Keyboard,Accessories,2,566,0,1132.0,169.45
110,2024-03-20 15:35:29.729729729,CUST1005,Male,51,46-55,Monitor,Electronics,1,14738,5,14001.1,1494.69
111,2024-03-21 09:07:44.864864865,CUST1032,Female,43,36-45,Keyboard,Accessories,2,2475,10,4455.0,1101.74
112,2024-03-22 02:40:00.000000000,CUST1030,Male,39,36-45,Mouse,Accessories,4,1930,0,7720.0,509.88
113,2024-03-22 20:12:15.135135135,CUST1078,Female,54,46-55,Smartwatch,Wearables,2,10659,15,18120.3,4230.71
114,2024-03-23 13:44:30.270270270,CUST1007,Female,47,46-55,Monitor,Electronics,3,13560,5,38646.0,6235.63
115,2024-03-24 07:16:45.405405405,CUST1096,Female,22,18-25,Camera,Electronics,2,67101,15,114071.7,15409.64
116,2024-03-25 00:49:00.540540540,CUST1099,Male,29,26-35,Keyboard,Accessories,1,2637,20,2109.6,319.02
117,2024-03-25 18:21:15.675675675,CUST1009,Male,20,18-25,Speaker,Accessories,2,11731,5,22288.9,3560.0
118,2024-03-26 11:53:30.810810811,CUST1072,Male,19,18-25,Power Bank,Accessories,2,2419,0,4838.0,376.23
119,2024-03-27 05:25:45.945945946,CUST1059,Male,26,26-35,Laptop,Electronics,3,68253,0,204759.0,45076.77
120,2024-03-27 22:58:01.081081081,CUST1039,Male,31,26-35,Power Bank,Accessories,3,3435,10,9274.5,587.07
121,2024-03-28 16:30:16.216216216,CUST1029,Female,46,46-55,Monitor,Electronics,3,17064,20,40953.6,3699.15
122,2024-03-29 10:02:31.351351351,CUST1061,Male,38,36-45,Headphones,Accessories,5,3898,10,17541.0,3100.4
123,2024-03-30 03:34:46.486486486,CUST1038,Male,42,36-45,Keyboard,Accessories,2,2636,5,5008.4,1068.39
124,2024-03-30 21:07:01.621621621,CUST1014,Female,31,26-35,Smartwatch,Wearables,3,9804,0,29412.0,5868.34
125,2024-03-31 14:39:16.756756756,CUST1050,Male,42,36-45,Laptop,Electronics,1,51246,5,48683.7,7726.62
126,2024-04-01 08:11:31.891891892,CUST1063,Female,23,18-25,Tablet,Electronics,3,41110,10,110997.0,12984.55
127,2024-04-02 01:43:47.027027027,CUST1026,Male,32,26-35,Keyboard,Accessories,5,1812,15,7701.0,1527.05
128,2024-04-02 19:16:02.162162162,CUST1054,Female,46,46-55,Keyboard,Accessories,1,1620,20,1296.0,129.21
129,2024-04-03 12:48:17.297297297,CUST1096,Female,21,18-25,Laptop,Electronics,2,72265,20,115624.0,26056.23
130,2024-04-04 06:20:32.432432432,CUST1028,Male,55,46-55,Monitor,Electronics,4,14359,15,48820.6,6320.19
131,2024-04-04 23:52:47.567567567,CUST1094,Male,22,18-25,Smartwatch,Wearables,4,4891,20,15651.2,3036.45
132,2024-04-05 17:25:02.702702702,CUST1010,Female,53,46-55,Headphones,Accessories,2,2834,10,5101.2,607.75
133,2024-04-06 10:57:17.837837838,CUST1061,Female,57,56-60,Camera,Electronics,2,27443,5,52141.7,8720.49
134,2024-04-07 04:29:32.972972973,CUST1067,Male,42,36-45,Smartphone,Electronics,4,42306,15,143840.4,10132.48
135,2024-04-07 22:01:48.108108108,CUST1050,Female,54,46-55,Mouse,Accessories,2,903,5,1715.7,109.43
136,2024-04-08 15:34:03.243243243,CUST1020,Female,58,56-60,Smartwatch,Wearables,3,15718,0,47154.0,3425.63
137,2024-04-09 09:06:18.378378378,CUST1020,Female,53,46-55,Camera,Electronics,1,78173,10,70355.7,11837.7
138,2024-04-10 02:38:33.513513513,CUST1034,Female,26,26-35,Printer,Electronics,4,12456,20,39859.2,6805.73
139,2024-04-10 20:10:48.648648648,CUST1090,Female,42,36-45,Keyboard,Accessories,3,885,5,2522.25,368.67
140,2024-04-11 13:43:03.783783783,CUST1069,Male,60,56-60,Laptop,Electronics,4,53490,0,213960.0,32024.15
141,2024-04-12 07:15:18.918918919,CUST1027,Male,41,36-45,Mouse,Accessories,1,584,10,525.6,92.74
142,2024-04-13 00:47:34.054054054,CUST1085,Male,38,36-45,Smartphone,Electronics,1,61163,0,61163.0,4876.68
143,2024-04-13 18:19:49.189189189,CUST1050,Male,57,56-60,Power Bank,Accessories,1,2559,20,2047.2,265.04
144,2024-04-14 11:52:04.324324324,CUST1039,Female,36,36-45,Speaker,Accessories,5,6024,20,24096.0,3479.79
145,2024-04-15 05:24:19.459459460,CUST1093,Male,35,26-35,Headphones,Accessories,3,4057,5,11562.45,1814.05
146,2024-04-15 22:56:34.594594594,CUST1073,Male,21,18-25,Monitor,Electronics,5,20342,10,91539.0,11411.42
147,2024-04-16 16:28:49.729729730,CUST1006,Female,51,46-55,Headphones,Accessories,1,7230,15,6145.5,1339.46
148,2024-04-17 10:01:04.864864864,CUST1071,Male,18,18-25,Smartwatch,Wearables,3,16295,10,43996.5,6647.94
149,2024-04-18 03:33:20.000000000,CUST1087,Male,54,46-55,Monitor,Electronics,3,28059,5,79968.15,16878.32
150,2024-04-18 21:05:35.135135134,CUST1013,Female,60,56-60,Smartwatch,Wearables,4,24003,20,76809.6,6007.77
151,2024-04-19 14:37:50.270270270,CUST1018,Male,35,26-35,Tablet,Electronics,2,26032,20,41651.2,2303.58
152,2024-04-20 08:10:05.405405406,CUST1019,Female,46,46-55,Keyboard,Accessories,2,1013,0,2026.0,432.53
153,2024-04-21 01:42:20.540540540,CUST1036,Male,59,56-60,Speaker,Accessories,2,6066,15,10312.2,2228.79
154,2024-04-21 19:14:35.675675676,CUST1085,Male,47,46-55,Monitor,Electronics,2,15083,10,27149.4,6507.46
155,2024-04-22 12:46:50.810810810,CUST1095,Male,41,36-45,Power Bank,Accessories,2,3479,10,6262.2,1433.48
156,2024-04-23 06:19:05.945945946,CUST1072,Female,34,26-35,Laptop,Electronics,1,75367,5,71598.65,12651.17
157,2024-04-23 23:51:21.081081080,CUST1086,Male,39,36-45,Monitor,Electronics,4,16633,20,53225.6,4488.83
158,2024-04-24 17:23:36.216216216,CUST1040,Female,28,26-35,Mouse,Accessories,2,2475,20,3960.0,843.52
159,2024-04-25 10:55:51.351351350,CUST1084,Male,51,46-55,Monitor,Electronics,5,20875,20,83500.0,4358.63
160,2024-04-26 04:28:06.486486486,CUST1052,Female,48,46-55,Speaker,Accessories,3,5763,5,16424.55,2793.87
161,2024-04-26 22:00:21.621621622,CUST1045,Male,27,26-35,Tablet,Electronics,1,45737,20,36589.6,4633.26
162,2024-04-27 15:32:36.756756756,CUST1028,Male,60,56-60,Smartphone,Electronics,3,36172,15,92238.6,18834.86
163,2024-04-28 09:04:51.891891892,CUST1098,Female,28,26-35,Mouse,Accessories,3,1436,10,3877.2,424.26
164,2024-04-29 02:37:07.027027026,CUST1019,Male,51,46-55,Monitor,Electronics,5,29792,5,141512.0,7958.16
165,2024-04-29 20:09:22.162162162,CUST1097,Female,52,46-55,Headphones,Accessories,3,4920,10,13284.0,2249.89
166,2024-04-30 13:41:37.297297296,CUST1000,Female,43,36-45,Printer,Electronics,5,8120,0,40600.0,4884.51
167,2024-05-01 07:13:52.432432432,CUST1043,Female,60,56-60,Printer,Electronics,2,18312,10,32961.6,7047.86
168,2024-05-02 00:46:07.567567568,CUST1058,Female,47,46-55,Headphones,Accessories,2,7667,10,13800.6,1558.35
169,2024-05-02 18:18:22.702702702,CUST1087,Female,34,26-35,Speaker,Accessories,1,9482,15,8059.7,1276.5
170,2024-05-03 11:50:37.837837838,CUST1069,Male,25,18-25,Headphones,Accessories,5,4152,20,16608.0,3129.87
171,2024-05-04 05:22:52.972972972,CUST1025,Female,42,36-45,Smartwatch,Wearables,1,23771,10,21393.9,5295.71
172,2024-05-04 22:55:08.108108108,CUST1006,Male,33,26-35,Camera,Electronics,1,37182,5,35322.9,5778.44
173,2024-05-05 16:27:23.243243242,CUST1081,Male,24,18-25,Mouse,Accessories,3,1821,10,4916.7,1174.37
174,2024-05-06 09:59:38.378378378,CUST1013,Male,56,56-60,Keyboard,Accessories,2,1966,5,3735.4,668.3
175,2024-05-07 03:31:53.513513514,CUST1039,Female,52,46-55,Smartwatch,Wearables,4,15409,10,55472.4,10498.58
176,2024-05-07 21:04:08.648648648,CUST1012,Female,40,36-45,Camera,Electronics,1,69547,20,55637.6,10144.46
177,2024-05-08 14:36:23.783783784,CUST1054,Female,50,46-55,Smartphone,Electronics,5,28737,15,122132.25,11796.99
178,2024-05-09 08:08:38.918918918,CUST1031,Female,59,56-60,Headphones,Accessories,3,5854,20,14049.6,2188.75
179,2024-05-10 01:40:54.054054054,CUST1056,Female,56,56-60,Headphones,Accessories,4,5124,0,20496.0,2672.4
180,2024-05-10 19:13:09.189189188,CUST1093,Female,27,26-35,Smartwatch,Wearables,1,5430,15,4615.5,911.64
181,2024-05-11 12:45:24.324324324,CUST1064,Male,20,18-25,Laptop,Electronics,2,72913,20,116660.8,6815.17
182,2024-05-12 06:17:39.459459460,CUST1036,Male,32,26-35,Mouse,Accessories,1,1263,15,1073.55,259.03
183,2024-05-12 23:49:54.594594594,CUST1070,Female,60,56-60,Mouse,Accessories,3,1385,20,3324.0,823.81
184,2024-05-13 17:22:09.729729730,CUST1073,Male,21,18-25,Keyboard,Accessories,4,1833,20,5865.6,1267.72
185,2024-05-14 10:54:24.864864864,CUST1005,Male,51,46-55,Speaker,Accessories,2,2436,0,4872.0,1176.36
186,2024-05-15 04:26:40.000000000,CUST1060,Female,22,18-25,Mouse,Accessories,1,1844,10,1659.6,281.23
187,2024-05-15 21:58:55.135135134,CUST1031,Male,59,56-60,Speaker,Accessories,2,10541,0,21082.0,1702.99
188,2024-05-16 15:31:10.270270270,CUST1013,Male,55,46-55,Headphones,Accessories,5,3030,0,15150.0,2554.11
189,2024-05-17 09:03:25.405405404,CUST1028,Male,51,46-55,Mouse,Accessories,1,1251,10,1125.9,117.76
190,2024-05-18 02:35:40.540540540,CUST1058,Male,20,18-25,Printer,Electronics,2,19774,0,39548.0,6334.46
191,2024-05-18 20:07:55.675675676,CUST1036,Female,41,36-45,Smartphone,Electronics,3,18972,5,54070.2,8463.09
192,2024-05-19 13:40:10.810810810,CUST1092,Female,30,26-35,Power Bank,Accessories,5,3911,20,15644.0,2285.86
193,2024-05-20 07:12:25.945945946,CUST1032,Female,20,18-25,Headphones,Accessories,2,7183,10,12929.4,2881.94
194,2024-05-21 00:44:41.081081080,CUST1040,Male,41,36-45,Monitor,Electronics,4,22688,10,81676.8,18251.4
195,2024-05-21 18:16:56.216216216,CUST1006,Male,42,36-45,Speaker,Accessories,2,5786,10,10414.8,2088.62
196,2024-05-22 11:49:11.351351350,CUST1052,Male,60,56-60,Mouse,Accessories,2,1354,5,2572.6,194.94
197,2024-05-23 05:21:26.486486486,CUST1095,Female,48,46-55,Tablet,Electronics,4,36588,15,124399.2,6378.84
198,2024-05-23 22:53:41.621621622,CUST1069,Male,58,56-60,Speaker,Accessories,2,6043,20,9668.8,1991.47
199,2024-05-24 16:25:56.756756756,CUST1059,Male,47,46-55,Headphones,Accessories,2,6352,5,12068.8,1428.64
200,2024-05-25 09:58:11.891891892,CUST1090,Female,46,46-55,Mouse,Accessories,4,2187,15,7435.8,472.67
201,2024-05-26 03:30:27.027027026,CUST1081,Female,29,26-35,Laptop,Electronics,1,48073,0,48073.0,2960.53
202,2024-05-26 21:02:42.162162162,CUST1051,Female,31,26-35,Smartphone,Electronics,5,36195,15,153828.75,27614.53
203,2024-05-27 14:34:57.297297296,CUST1086,Male,24,18-25,Power Bank,Accessories,3,3904,10,10540.8,1059.37
204,2024-05-28 08:07:12.432432432,CUST1038,Female,51,46-55,Camera,Electronics,2,39288,10,70718.4,9920.19
205,2024-05-29 01:39:27.567567568,CUST1083,Male,46,46-55,Tablet,Electronics,3,33411,5,95221.35,19478.91
206,2024-05-29 19:11:42.702702702,CUST1092,Male,28,26-35,Monitor,Electronics,3,27280,15,69564.0,3913.7
207,2024-05-30 12:43:57.837837838,CUST1002,Male,33,26-35,Mouse,Accessories,3,383,10,1034.1,108.42
208,2024-05-31 06:16:12.972972972,CUST1063,Female,18,18-25,Speaker,Accessories,4,2433,5,9245.4,856.32
209,2024-05-31 23:48:28.108108108,CUST1071,Female,42,36-45,Laptop,Electronics,4,66385,15,225709.0,32647.0
210,2024-06-01 17:20:43.243243242,CUST1070,Male,42,36-45,Power Bank,Accessories,5,4180,10,18810.0,4118.57
211,2024-06-02 10:52:58.378378378,CUST1019,Female,46,46-55,Headphones,Accessories,4,1692,15,5752.8,1400.82
212,2024-06-03 04:25:13.513513514,CUST1037,Female,47,46-55,Printer,Electronics,1,19547,15,16614.95,2260.65
213,2024-06-03 21:57:28.648648648,CUST1010,Female,39,36-45,Printer,Electronics,5,22500,5,106875.0,22391.58
214,2024-06-04 15:29:43.783783784,CUST1094,Male,25,18-25,Laptop,Electronics,2,66589,5,126519.1,18470.24
215,2024-06-05 09:01:58.918918918,CUST1040,Male,49,46-55,Monitor,Electronics,5,16920,0,84600.0,20348.81
216,2024-06-06 02:34:14.054054054,CUST1045,Female,28,26-35,Smartwatch,Wearables,3,15399,0,46197.0,4546.2
217,2024-06-06 20:06:29.189189188,CUST1096,Female,39,36-45,Monitor,Electronics,4,10720,5,40736.0,8357.44
218,2024-06-07 13:38:44.324324324,CUST1025,Male,50,46-55,Smartphone,Electronics,1,60004,0,60004.0,12895.03
219,2024-06-08 07:10:59.459459458,CUST1097,Female,56,56-60,Monitor,Electronics,2,26093,5,49576.7,10416.92
220,2024-06-09 00:43:14.594594594,CUST1094,Male,57,56-60,Camera,Electronics,5,74786,0,373930.0,88712.07
221,2024-06-09 18:15:29.729729730,CUST1006,Female,29,26-35,Printer,Electronics,2,9389,15,15961.3,1881.68
222,2024-06-10 11:47:44.864864864,CUST1040,Female,37,36-45,Speaker,Accessories,4,1521,5,5779.8,844.9
223,2024-06-11 05:20:00.000000000,CUST1044,Female,59,56-60,Power Bank,Accessories,3,2934,15,7481.7,612.82
224,2024-06-11 22:52:15.135135134,CUST1054,Male,36,36-45,Headphones,Accessories,4,5780,20,18496.0,3846.05
225,2024-06-12 16:24:30.270270270,CUST1058,Female,35,26-35,Headphones,Accessories,2,1661,20,2657.6,662.45
226,2024-06-13 09:56:45.405405404,CUST1062,Female,45,36-45,Headphones,Accessories,3,5130,20,12312.0,793.38
227,2024-06-14 03:29:00.540540540,CUST1060,Female,24,18-25,Laptop,Electronics,1,47005,20,37604.0,7349.09
228,2024-06-14 21:01:15.675675676,CUST1049,Male,37,36-45,Smartwatch,Wearables,4,5453,15,18540.2,2799.0
229,2024-06-15 14:33:30.810810810,CUST1099,Male,49,46-55,Laptop,Electronics,4,65849,20,210716.8,27204.18
230,2024-06-16 08:05:45.945945946,CUST1057,Female,32,26-35,Smartphone,Electronics,4,60350,5,229330.0,56971.69
231,2024-06-17 01:38:01.081081080,CUST1098,Male,29,26-35,Monitor,Electronics,5,8529,20,34116.0,6707.98
232,2024-06-17 19:10:16.216216216,CUST1068,Female,25,18-25,Camera,Electronics,2,91061,5,173015.9,14913.17
233,2024-06-18 12:42:31.351351350,CUST1069,Female,58,56-60,Monitor,Electronics,4,9646,0,38584.0,7042.52
234,2024-06-19 06:14:46.486486486,CUST1064,Male,42,36-45,Laptop,Electronics,4,42113,10,151606.8,27493.49
235,2024-06-19 23:47:01.621621622,CUST1013,Female,29,26-35,Smartwatch,Wearables,4,14588,10,52516.8,11907.76
236,2024-06-20 17:19:16.756756756,CUST1007,Female,46,46-55,Camera,Electronics,4,44816,0,179264.0,25076.66
237,2024-06-21 10:51:31.891891892,CUST1036,Male,29,26-35,Speaker,Accessories,1,2075,15,1763.75,222.01
238,2024-06-22 04:23:47.027027026,CUST1078,Male,29,26-35,Mouse,Accessories,1,1955,15,1661.75,231.44
239,2024-06-22 21:56:02.162162162,CUST1028,Female,37,36-45,Monitor,Electronics,2,8968,20,14348.8,3405.27
240,2024-06-23 15:28:17.297297296,CUST1050,Female,52,46-55,Laptop,Electronics,5,68404,10,307818.0,34854.61
241,2024-06-24 09:00:32.432432432,CUST1097,Female,59,56-60,Power Bank,Accessories,5,3089,10,13900.5,708.76
242,2024-06-25 02:32:47.567567568,CUST1022,Male,46,46-55,Printer,Electronics,3,9249,15,23584.95,3689.84
243,2024-06-25 20:05:02.702702702,CUST1007,Female,33,26-35,Keyboard,Accessories,2,1391,5,2642.9,231.7
244,2024-06-26 13:37:17.837837838,CUST1029,Male,22,18-25,Monitor,Electronics,2,23552,5,44748.8,5587.31
245,2024-06-27 07:09:32.972972972,CUST1071,Male,35,26-35,Smartphone,Electronics,2,51487,0,102974.0,5774.52
246,2024-06-28 00:41:48.108108108,CUST1089,Male,21,18-25,Printer,Electronics,1,19598,20,15678.4,2875.33
247,2024-06-28 18:14:03.243243242,CUST1012,Female,19,18-25,Power Bank,Accessories,1,4032,0,4032.0,1002.63
248,2024-06-29 11:46:18.378378378,CUST1003,Male,30,26-35,Printer,Electronics,1,13114,15,11146.9,2007.58
249,2024-06-30 05:18:33.513513512,CUST1082,Female,36,36-45,Monitor,Electronics,2,15761,20,25217.6,5284.67
250,2024-06-30 22:50:48.648648648,CUST1070,Female,18,18-25,Speaker,Accessories,1,4272,0,4272.0,526.7
251,2024-07-01 16:23:03.783783784,CUST1034,Female,36,36-45,Mouse,Accessories,5,1796,0,8980.0,875.63
252,2024-07-02 09:55:18.918918918,CUST1008,Female,55,46-55,Power Bank,Accessories,3,3815,5,10872.75,2194.87
253,2024-07-03 03:27:34.054054054,CUST1025,Female,38,36-45,Headphones,Accessories,2,3501,15,5951.7,328.11
254,2024-07-03 20:59:49.189189188,CUST1099,Male,29,26-35,Printer,Electronics,2,26783,20,42852.8,4251.59
255,2024-07-04 14:32:04.324324324,CUST1079,Female,40,36-45,Speaker,Accessories,2,8070,20,12912.0,2769.35
256,2024-07-05 08:04:19.459459458,CUST1020,Male,32,26-35,Mouse,Accessories,4,1014,10,3650.4,226.52
257,2024-07-06 01:36:34.594594594,CUST1026,Female,36,36-45,Monitor,Electronics,5,25347,20,101388.0,10845.94
258,2024-07-06 19:08:49.729729730,CUST1003,Female,52,46-55,Power Bank,Accessories,2,2481,5,4713.9,492.72
259,2024-07-07 12:41:04.864864864,CUST1030,Female,42,36-45,Camera,Electronics,3,69139,5,197046.15,41371.06
260,2024-07-08 06:13:20.000000000,CUST1006,Male,59,56-60,Tablet,Electronics,2,34611,15,58838.7,8632.17
261,2024-07-08 23:45:35.135135134,CUST1021,Female,18,18-25,Monitor,Electronics,5,21673,10,97528.5,4926.83
262,2024-07-09 17:17:50.270270270,CUST1087,Female,38,36-45,Monitor,Electronics,4,27481,0,109924.0,19711.7
263,2024-07-10 10:50:05.405405404,CUST1018,Female,59,56-60,Camera,Electronics,1,59084,15,50221.4,5271.3
264,2024-07-11 04:22:20.540540540,CUST1096,Female,56,56-60,Keyboard,Accessories,1,645,10,580.5,101.46
265,2024-07-11 21:54:35.675675676,CUST1080,Male,22,18-25,Tablet,Electronics,1,27633,0,27633.0,2579.48
266,2024-07-12 15:26:50.810810810,CUST1077,Male,54,46-55,Monitor,Electronics,3,8987,10,24264.9,2338.88
267,2024-07-13 08:59:05.945945946,CUST1041,Female,42,36-45,Printer,Electronics,3,10358,20,24859.2,4603.13
268,2024-07-14 02:31:21.081081080,CUST1067,Male,56,56-60,Monitor,Electronics,1,19543,15,16611.55,3550.58
269,2024-07-14 20:03:36.216216216,CUST1096,Female,55,46-55,Camera,Electronics,5,79253,15,336825.25,22611.63
270,2024-07-15 13:35:51.351351350,CUST1012,Male,20,18-25,Keyboard,Accessories,1,2414,0,2414.0,418.66
271,2024-07-16 07:08:06.486486486,CUST1007,Female,19,18-25,Laptop,Electronics,5,42475,10,191137.5,34028.91
272,2024-07-17 00:40:21.621621620,CUST1085,Female,25,18-25,Monitor,Electronics,3,15979,20,38349.6,5421.55
273,2024-07-17 18:12:36.756756756,CUST1086,Male,19,18-25,Monitor,Electronics,4,27201,0,108804.0,27102.65
274,2024-07-18 11:44:51.891891892,CUST1092,Female,25,18-25,Keyboard,Accessories,4,1965,15,6681.0,1619.03
275,2024-07-19 05:17:07.027027026,CUST1007,Female,33,26-35,Printer,Electronics,1,9083,0,9083.0,1000.68
276,2024-07-19 22:49:22.162162162,CUST1004,Female,20,18-25,Keyboard,Accessories,5,3850,15,16362.5,4006.08
277,2024-07-20 16:21:37.297297296,CUST1083,Female,57,56-60,Keyboard,Accessories,4,2868,0,11472.0,2114.42
278,2024-07-21 09:53:52.432432432,CUST1097,Female,39,36-45,Monitor,Electronics,1,25396,15,21586.6,4455.6
279,2024-07-22 03:26:07.567567566,CUST1001,Male,50,46-55,Keyboard,Accessories,2,3296,5,6262.4,790.2
280,2024-07-22 20:58:22.702702702,CUST1054,Male,26,26-35,Speaker,Accessories,3,6799,5,19377.15,3296.42
281,2024-07-23 14:30:37.837837838,CUST1011,Female,52,46-55,Monitor,Electronics,3,18382,15,46874.1,10325.66
282,2024-07-24 08:02:52.972972972,CUST1029,Female,59,56-60,Laptop,Electronics,2,61932,10,111477.6,20607.83
283,2024-07-25 01:35:08.108108108,CUST1034,Female,20,18-25,Monitor,Electronics,4,15693,0,62772.0,7187.75
284,2024-07-25 19:07:23.243243242,CUST1009,Female,44,36-45,Smartphone,Electronics,3,22373,15,57051.15,9391.09
285,2024-07-26 12:39:38.378378378,CUST1053,Male,19,18-25,Printer,Electronics,5,26643,0,133215.0,22813.15
286,2024-07-27 06:11:53.513513512,CUST1097,Male,20,18-25,Keyboard,Accessories,1,3449,0,3449.0,632.07
287,2024-07-27 23:44:08.648648648,CUST1011,Female,38,36-45,Smartwatch,Wearables,4,18920,15,64328.0,4245.2
288,2024-07-28 17:16:23.783783784,CUST1031,Male,30,26-35,Power Bank,Accessories,4,3836,15,13042.4,2873.11
289,2024-07-29 10:48:38.918918920,CUST1033,Female,19,18-25,Speaker,Accessories,3,7930,10,21411.0,3487.6
290,2024-07-30 04:20:54.054054052,CUST1078,Female,42,36-45,Camera,Electronics,3,74841,20,179618.4,31235.56
291,2024-07-30 21:53:09.189189188,CUST1006,Male,40,36-45,Printer,Electronics,1,11448,15,9730.8,1076.76
292,2024-07-31 15:25:24.324324324,CUST1051,Female,50,46-55,Power Bank,Accessories,4,2438,0,9752.0,941.35
293,2024-08-01 08:57:39.459459460,CUST1061,Female,53,46-55,Keyboard,Accessories,2,3634,20,5814.4,1321.73
294,2024-08-02 02:29:54.594594592,CUST1004,Male,24,18-25,Headphones,Accessories,4,4029,20,12892.8,1642.75
295,2024-08-02 20:02:09.729729728,CUST1057,Female,19,18-25,Tablet,Electronics,3,16548,20,39715.2,8024.77
296,2024-08-03 13:34:24.864864864,CUST1084,Male,56,56-60,Smartwatch,Wearables,1,24740,5,23503.0,2308.94
297,2024-08-04 07:06:40.000000000,CUST1059,Male,35,26-35,Mouse,Accessories,5,971,15,4126.75,512.88
298,2024-08-05 00:38:55.135135136,CUST1081,Female,38,36-45,Speaker,Accessories,5,9461,15,40209.25,8963.93
299,2024-08-05 18:11:10.270270268,CUST1012,Male,52,46-55,Smartwatch,Wearables,5,21877,5,103915.75,21510.9
300,2024-08-06 11:43:25.405405404,CUST1001,Female,58,56-60,Laptop,Electronics,1,43191,0,43191.0,10303.91
301,2024-08-07 05:15:40.540540540,CUST1020,Male,46,46-55,Power Bank,Accessories,2,1041,5,1977.9,199.0
302,2024-08-07 22:47:55.675675676,CUST1048,Male,28,26-35,Power Bank,Accessories,2,1575,10,2835.0,396.97
303,2024-08-08 16:20:10.810810812,CUST1064,Female,40,36-45,Laptop,Electronics,5,71186,20,284744.0,56233.17
304,2024-08-09 09:52:25.945945944,CUST1050,Female,54,46-55,Tablet,Electronics,5,38758,10,174411.0,31709.16
305,2024-08-10 03:24:41.081081080,CUST1057,Female,52,46-55,Smartwatch,Wearables,1,20052,15,17044.2,3366.26
306,2024-08-10 20:56:56.216216216,CUST1057,Female,28,26-35,Keyboard,Accessories,3,1914,10,5167.8,449.8
307,2024-08-11 14:29:11.351351352,CUST1007,Female,22,18-25,Mouse,Accessories,2,1873,15,3184.1,731.64
308,2024-08-12 08:01:26.486486484,CUST1077,Male,42,36-45,Smartwatch,Wearables,2,13824,15,23500.8,4065.7
309,2024-08-13 01:33:41.621621620,CUST1035,Male,58,56-60,Printer,Electronics,2,26669,5,50671.1,5798.96
310,2024-08-13 19:05:56.756756756,CUST1094,Female,44,36-45,Power Bank,Accessories,2,3221,20,5153.6,857.99
311,2024-08-14 12:38:11.891891892,CUST1024,Male,51,46-55,Power Bank,Accessories,2,3120,5,5928.0,562.7
312,2024-08-15 06:10:27.027027028,CUST1029,Female,31,26-35,Smartwatch,Wearables,2,9128,5,17343.2,4138.35
313,2024-08-15 23:42:42.162162160,CUST1098,Female,38,36-45,Keyboard,Accessories,3,1185,0,3555.0,636.92
314,2024-08-16 17:14:57.297297296,CUST1020,Female,49,46-55,Camera,Electronics,1,62643,0,62643.0,9947.92
315,2024-08-17 10:47:12.432432432,CUST1021,Female,25,18-25,Mouse,Accessories,4,2059,10,7412.4,845.1
316,2024-08-18 04:19:27.567567568,CUST1078,Female,42,36-45,Speaker,Accessories,4,5037,5,19140.6,1461.3
317,2024-08-18 21:51:42.702702700,CUST1042,Female,44,36-45,Keyboard,Accessories,3,1930,15,4921.5,967.37
318,2024-08-19 15:23:57.837837836,CUST1029,Female,50,46-55,Mouse,Accessories,3,1002,10,2705.4,217.28
319,2024-08-20 08:56:12.972972972,CUST1071,Female,42,36-45,Tablet,Electronics,5,39806,5,189078.5,30556.69
320,2024-08-21 02:28:28.108108108,CUST1097,Male,22,18-25,Laptop,Electronics,1,78787,10,70908.3,9239.27
321,2024-08-21 20:00:43.243243244,CUST1040,Female,42,36-45,Speaker,Accessories,5,5467,10,24601.5,2155.21
322,2024-08-22 13:32:58.378378376,CUST1080,Female,53,46-55,Printer,Electronics,2,25033,5,47562.7,2714.04
323,2024-08-23 07:05:13.513513512,CUST1094,Male,51,46-55,Printer,Electronics,1,21379,10,19241.1,3872.33
324,2024-08-24 00:37:28.648648648,CUST1003,Female,23,18-25,Tablet,Electronics,3,27081,15,69056.55,8775.37
325,2024-08-24 18:09:43.783783784,CUST1053,Female,27,26-35,Keyboard,Accessories,3,3725,20,8940.0,1632.52
326,2024-08-25 11:41:58.918918920,CUST1019,Male,56,56-60,Smartwatch,Wearables,2,7891,15,13414.7,2801.52
327,2024-08-26 05:14:14.054054052,CUST1079,Female,24,18-25,Laptop,Electronics,5,69197,10,311386.5,19608.23
328,2024-08-26 22:46:29.189189188,CUST1059,Female,21,18-25,Camera,Electronics,2,41029,5,77955.1,13285.82
329,2024-08-27 16:18:44.324324324,CUST1057,Male,36,36-45,Power Bank,Accessories,3,1463,20,3511.2,699.38
330,2024-08-28 09:50:59.459459460,CUST1054,Female,48,46-55,Monitor,Electronics,3,24044,15,61312.2,4566.25
331,2024-08-29 03:23:14.594594592,CUST1074,Male,35,26-35,Laptop,Electronics,4,59194,15,201259.6,39674.83
332,2024-08-29 20:55:29.729729728,CUST1046,Male,50,46-55,Printer,Electronics,4,23043,10,82954.8,15527.67
333,2024-08-30 14:27:44.864864864,CUST1060,Male,28,26-35,Power Bank,Accessories,1,4271,20,3416.8,296.9
334,2024-08-31 08:00:00.000000000,CUST1050,Male,20,18-25,Camera,Electronics,3,31397,20,75352.8,14281.93
335,2024-09-01 01:32:15.135135136,CUST1063,Female,36,36-45,Mouse,Accessories,3,1221,10,3296.7,413.35
336,2024-09-01 19:04:30.270270268,CUST1089,Male,37,36-45,Mouse,Accessories,5,1003,20,4012.0,767.11
337,2024-09-02 12:36:45.405405404,CUST1099,Male,56,56-60,Keyboard,Accessories,2,3478,0,6956.0,1433.23
338,2024-09-03 06:09:00.540540540,CUST1083,Female,58,56-60,Monitor,Electronics,4,15531,15,52805.4,6852.41
339,2024-09-03 23:41:15.675675676,CUST1085,Female,42,36-45,Smartwatch,Wearables,5,17261,15,73359.25,4322.25
340,2024-09-04 17:13:30.810810812,CUST1053,Male,24,18-25,Power Bank,Accessories,4,1069,5,4062.2,424.05
341,2024-09-05 10:45:45.945945944,CUST1083,Male,42,36-45,Camera,Electronics,4,66800,20,213760.0,47159.29
342,2024-09-06 04:18:01.081081080,CUST1006,Male,60,56-60,Smartphone,Electronics,5,62299,5,295920.25,39126.32
343,2024-09-06 21:50:16.216216216,CUST1013,Female,32,26-35,Monitor,Electronics,3,9171,20,22010.4,1330.56
344,2024-09-07 15:22:31.351351352,CUST1048,Female,54,46-55,Printer,Electronics,5,26054,5,123756.5,10920.04
345,2024-09-08 08:54:46.486486484,CUST1067,Male,42,36-45,Headphones,Accessories,4,7588,0,30352.0,1651.36
346,2024-09-09 02:27:01.621621620,CUST1027,Female,24,18-25,Camera,Electronics,1,87032,20,69625.6,6647.98
347,2024-09-09 19:59:16.756756756,CUST1084,Male,60,56-60,Camera,Electronics,1,92169,5,87560.55,12866.08
348,2024-09-10 13:31:31.891891892,CUST1085,Female,19,18-25,Mouse,Accessories,1,397,10,357.3,64.38
349,2024-09-11 07:03:47.027027028,CUST1063,Male,41,36-45,Power Bank,Accessories,4,1410,10,5076.0,1052.03
350,2024-09-12 00:36:02.162162160,CUST1084,Female,38,36-45,Tablet,Electronics,2,19283,15,32781.1,5044.26
351,2024-09-12 18:08:17.297297296,CUST1062,Female,45,36-45,Monitor,Electronics,3,14823,5,42245.55,8455.27
352,2024-09-13 11:40:32.432432432,CUST1098,Female,42,36-45,Smartphone,Electronics,3,57951,15,147775.05,23310.09
353,2024-09-14 05:12:47.567567568,CUST1068,Female,56,56-60,Monitor,Electronics,1,26810,5,25469.5,1749.29
354,2024-09-14 22:45:02.702702700,CUST1035,Female,28,26-35,Headphones,Accessories,4,4657,15,15833.8,3302.47
355,2024-09-15 16:17:17.837837836,CUST1083,Female,38,36-45,Mouse,Accessories,1,858,5,815.1,66.5
356,2024-09-16 09:49:32.972972972,CUST1039,Female,29,26-35,Monitor,Electronics,3,19116,10,51613.2,11841.99
357,2024-09-17 03:21:48.108108108,CUST1047,Female,50,46-55,Monitor,Electronics,1,29494,20,23595.2,4637.09
358,2024-09-17 20:54:03.243243244,CUST1045,Female,54,46-55,Speaker,Accessories,3,4091,0,12273.0,2586.18
359,2024-09-18 14:26:18.378378376,CUST1094,Male,33,26-35,Tablet,Electronics,5,11283,15,47952.75,10855.81
360,2024-09-19 07:58:33.513513512,CUST1019,Male,44,36-45,Speaker,Accessories,1,7774,0,7774.0,434.36
361,2024-09-20 01:30:48.648648648,CUST1008,Female,43,36-45,Smartphone,Electronics,5,47994,20,191976.0,22531.86
362,2024-09-20 19:03:03.783783784,CUST1072,Female,55,46-55,Keyboard,Accessories,3,3948,10,10659.6,2454.47
363,2024-09-21 12:35:18.918918920,CUST1020,Female,41,36-45,Mouse,Accessories,3,887,15,2261.85,350.78
364,2024-09-22 06:07:34.054054052,CUST1040,Female,43,36-45,Power Bank,Accessories,1,1780,10,1602.0,125.59
365,2024-09-22 23:39:49.189189188,CUST1010,Female,35,26-35,Headphones,Accessories,3,3326,0,9978.0,2178.09
366,2024-09-23 17:12:04.324324324,CUST1027,Male,52,46-55,Speaker,Accessories,4,7549,5,28686.2,3241.08
367,2024-09-24 10:44:19.459459460,CUST1086,Male,23,18-25,Tablet,Electronics,4,38795,0,155180.0,33737.41
368,2024-09-25 04:16:34.594594592,CUST1052,Female,21,18-25,Headphones,Accessories,1,6934,20,5547.2,314.18
369,2024-09-25 21:48:49.729729728,CUST1076,Female,31,26-35,Keyboard,Accessories,4,3972,0,15888.0,3299.77
370,2024-09-26 15:21:04.864864864,CUST1045,Female,50,46-55,Smartphone,Electronics,3,37746,10,101914.2,7357.99
371,2024-09-27 08:53:20.000000000,CUST1077,Female,31,26-35,Monitor,Electronics,5,17031,10,76639.5,10158.74
372,2024-09-28 02:25:35.135135136,CUST1021,Male,37,36-45,Speaker,Accessories,1,1923,5,1826.85,444.38
373,2024-09-28 19:57:50.270270268,CUST1027,Female,36,36-45,Printer,Electronics,3,25330,5,72190.5,13706.31
374,2024-09-29 13:30:05.405405404,CUST1018,Female,24,18-25,Keyboard,Accessories,1,3310,15,2813.5,607.38
375,2024-09-30 07:02:20.540540540,CUST1029,Female,31,26-35,Keyboard,Accessories,5,2352,15,9996.0,692.79
376,2024-10-01 00:34:35.675675676,CUST1058,Female,50,46-55,Printer,Electronics,4,20424,10,73526.4,4768.05
377,2024-10-01 18:06:50.810810808,CUST1085,Male,21,18-25,Printer,Electronics,4,23371,5,88809.8,16302.01
378,2024-10-02 11:39:05.945945944,CUST1063,Male,33,26-35,Printer,Electronics,1,24863,15,21133.55,3520.03
379,2024-10-03 05:11:21.081081080,CUST1043,Male,38,36-45,Smartphone,Electronics,5,65500,15,278375.0,26179.79
380,2024-10-03 22:43:36.216216216,CUST1087,Male,26,26-35,Laptop,Electronics,1,86403,10,77762.7,16785.65
381,2024-10-04 16:15:51.351351352,CUST1014,Male,25,18-25,Laptop,Electronics,4,46581,15,158375.4,22629.73
382,2024-10-05 09:48:06.486486484,CUST1019,Female,36,36-45,Printer,Electronics,4,29132,20,93222.4,16431.52
383,2024-10-06 03:20:21.621621620,CUST1021,Male,46,46-55,Printer,Electronics,4,24230,15,82382.0,5836.35
384,2024-10-06 20:52:36.756756756,CUST1000,Female,20,18-25,Power Bank,Accessories,4,993,5,3773.4,545.56
385,2024-10-07 14:24:51.891891892,CUST1026,Female,40,36-45,Smartwatch,Wearables,1,8716,15,7408.6,1265.5
386,2024-10-08 07:57:07.027027028,CUST1098,Female,36,36-45,Smartwatch,Wearables,2,14728,20,23564.8,3407.34
387,2024-10-09 01:29:22.162162160,CUST1048,Male,31,26-35,Smartwatch,Wearables,5,7808,20,31232.0,4915.96
388,2024-10-09 19:01:37.297297296,CUST1084,Male,25,18-25,Laptop,Electronics,4,77755,0,311020.0,36629.49
389,2024-10-10 12:33:52.432432432,CUST1016,Male,59,56-60,Mouse,Accessories,1,2100,20,1680.0,179.61
390,2024-10-11 06:06:07.567567568,CUST1063,Male,38,36-45,Smartwatch,Wearables,3,18294,0,54882.0,3069.75
391,2024-10-11 23:38:22.702702700,CUST1018,Male,36,36-45,Speaker,Accessories,5,11866,20,47464.0,6118.83
392,2024-10-12 17:10:37.837837836,CUST1032,Female,25,18-25,Power Bank,Accessories,5,1932,15,8211.0,1518.39
393,2024-10-13 10:42:52.972972972,CUST1086,Female,56,56-60,Camera,Electronics,2,62383,0,124766.0,22118.55
394,2024-10-14 04:15:08.108108108,CUST1035,Female,37,36-45,Tablet,Electronics,2,14033,15,23856.1,3024.18
395,2024-10-14 21:47:23.243243244,CUST1075,Male,54,46-55,Smartphone,Electronics,4,48703,15,165590.2,38096.39
396,2024-10-15 15:19:38.378378376,CUST1050,Male,32,26-35,Camera,Electronics,2,61636,0,123272.0,22101.44
397,2024-10-16 08:51:53.513513512,CUST1027,Female,30,26-35,Speaker,Accessories,2,6158,0,12316.0,2124.69
398,2024-10-17 02:24:08.648648648,CUST1002,Female,37,36-45,Headphones,Accessories,3,5724,5,16313.4,2544.86
399,2024-10-17 19:56:23.783783784,CUST1044,Male,19,18-25,Smartwatch,Wearables,1,20850,10,18765.0,2762.21
400,2024-10-18 13:28:38.918918916,CUST1037,Male,54,46-55,Camera,Electronics,1,99878,0,99878.0,19559.58
401,2024-10-19 07:00:54.054054052,CUST1052,Female,38,36-45,Power Bank,Accessories,3,3458,20,8299.2,872.05
402,2024-10-20 00:33:09.189189188,CUST1043,Female,47,46-55,Monitor,Electronics,4,18081,10,65091.6,9114.43
403,2024-10-20 18:05:24.324324324,CUST1099,Female,40,36-45,Printer,Electronics,3,21007,5,59869.95,7424.5
404,2024-10-21 11:37:39.459459460,CUST1064,Female,50,46-55,Power Bank,Accessories,2,3780,15,6426.0,378.85
405,2024-10-22 05:09:54.594594592,CUST1042,Male,37,36-45,Laptop,Electronics,5,80379,5,381800.25,67723.91
406,2024-10-22 22:42:09.729729728,CUST1047,Male,28,26-35,Speaker,Accessories,1,3329,20,2663.2,416.04
407,2024-10-23 16:14:24.864864864,CUST1049,Female,29,26-35,Keyboard,Accessories,1,1554,15,1320.9,110.26
408,2024-10-24 09:46:40.000000000,CUST1026,Female,47,46-55,Mouse,Accessories,3,2422,20,5812.8,737.3
409,2024-10-25 03:18:55.135135136,CUST1014,Female,60,56-60,Monitor,Electronics,3,19826,5,56504.1,6364.69
410,2024-10-25 20:51:10.270270268,CUST1034,Female,47,46-55,Mouse,Accessories,5,2469,20,9876.0,1225.41
411,2024-10-26 14:23:25.405405404,CUST1076,Female,23,18-25,Tablet,Electronics,2,16139,0,32278.0,7966.3
412,2024-10-27 07:55:40.540540540,CUST1033,Male,34,26-35,Speaker,Accessories,4,4736,0,18944.0,3045.1
413,2024-10-28 01:27:55.675675676,CUST1050,Male,40,36-45,Monitor,Electronics,3,21865,5,62315.25,6347.87
414,2024-10-28 19:00:10.810810808,CUST1000,Female,38,36-45,Camera,Electronics,4,99027,10,356497.2,57589.19
415,2024-10-29 12:32:25.945945944,CUST1050,Male,41,36-45,Power Bank,Accessories,3,1934,5,5511.9,814.55
416,2024-10-30 06:04:41.081081080,CUST1018,Female,52,46-55,Laptop,Electronics,2,74919,0,149838.0,31241.86
417,2024-10-30 23:36:56.216216216,CUST1018,Male,56,56-60,Mouse,Accessories,4,956,20,3059.2,485.2
418,2024-10-31 17:09:11.351351352,CUST1010,Male,51,46-55,Speaker,Accessories,5,5130,15,21802.5,1255.74
419,2024-11-01 10:41:26.486486484,CUST1011,Male,45,36-45,Tablet,Electronics,1,11207,15,9525.95,1365.61
420,2024-11-02 04:13:41.621621620,CUST1095,Male,34,26-35,Monitor,Electronics,3,12761,15,32540.55,4773.1
421,2024-11-02 21:45:56.756756756,CUST1080,Female,53,46-55,Monitor,Electronics,3,21527,10,58122.9,8849.51
422,2024-11-03 15:18:11.891891892,CUST1003,Male,31,26-35,Headphones,Accessories,2,5699,10,10258.2,1748.24
423,2024-11-04 08:50:27.027027028,CUST1080,Female,52,46-55,Tablet,Electronics,1,44631,15,37936.35,1920.85
424,2024-11-05 02:22:42.162162160,CUST1012,Female,50,46-55,Laptop,Electronics,3,80510,10,217377.0,30359.7
425,2024-11-05 19:54:57.297297296,CUST1009,Female,33,26-35,Tablet,Electronics,5,15845,10,71302.5,16000.97
426,2024-11-06 13:27:12.432432432,CUST1056,Female,38,36-45,Camera,Electronics,4,36944,10,132998.4,12254.6
427,2024-11-07 06:59:27.567567568,CUST1024,Female,36,36-45,Headphones,Accessories,2,5208,10,9374.4,1852.14
428,2024-11-08 00:31:42.702702700,CUST1072,Male,18,18-25,Mouse,Accessories,5,440,20,1760.0,377.32
429,2024-11-08 18:03:57.837837836,CUST1077,Male,53,46-55,Laptop,Electronics,2,55038,0,110076.0,21424.08
430,2024-11-09 11:36:12.972972972,CUST1076,Male,47,46-55,Keyboard,Accessories,3,3926,10,10600.2,1870.07
431,2024-11-10 05:08:28.108108108,CUST1015,Male,36,36-45,Smartphone,Electronics,2,30271,0,60542.0,9088.86
432,2024-11-10 22:40:43.243243244,CUST1066,Female,19,18-25,Monitor,Electronics,2,21324,15,36250.8,8072.33
433,2024-11-11 16:12:58.378378376,CUST1038,Female,40,36-45,Smartwatch,Wearables,3,5701,20,13682.4,2280.19
434,2024-11-12 09:45:13.513513512,CUST1018,Male,34,26-35,Laptop,Electronics,5,75596,20,302384.0,28099.22
435,2024-11-13 03:17:28.648648648,CUST1071,Female,42,36-45,Printer,Electronics,1,22566,5,21437.7,3583.8
436,2024-11-13 20:49:43.783783784,CUST1052,Female,37,36-45,Monitor,Electronics,2,23373,5,44408.7,8561.58
437,2024-11-14 14:21:58.918918916,CUST1081,Female,32,26-35,Smartwatch,Wearables,4,3228,10,11620.8,2383.07
438,2024-11-15 07:54:14.054054052,CUST1017,Female,48,46-55,Power Bank,Accessories,2,2064,5,3921.6,810.22
439,2024-11-16 01:26:29.189189188,CUST1043,Male,55,46-55,Monitor,Electronics,2,22087,0,44174.0,5215.81
440,2024-11-16 18:58:44.324324324,CUST1008,Female,46,46-55,Printer,Electronics,3,10728,0,32184.0,2445.53
441,2024-11-17 12:30:59.459459460,CUST1069,Female,51,46-55,Speaker,Accessories,4,10510,20,33632.0,4522.73
442,2024-11-18 06:03:14.594594592,CUST1028,Male,29,26-35,Smartwatch,Wearables,5,12640,5,60040.0,3509.84
443,2024-11-18 23:35:29.729729728,CUST1012,Male,44,36-45,Laptop,Electronics,2,46318,20,74108.8,14274.04
444,2024-11-19 17:07:44.864864864,CUST1024,Female,50,46-55,Mouse,Accessories,4,822,0,3288.0,609.01
445,2024-11-20 10:40:00.000000000,CUST1016,Female,38,36-45,Printer,Electronics,3,11842,15,30197.1,7546.05
446,2024-11-21 04:12:15.135135136,CUST1098,Female,56,56-60,Mouse,Accessories,1,1678,5,1594.1,281.97
447,2024-11-21 21:44:30.270270268,CUST1030,Female,58,56-60,Power Bank,Accessories,1,3057,20,2445.6,524.42
448,2024-11-22 15:16:45.405405404,CUST1085,Male,33,26-35,Smartphone,Electronics,1,67389,10,60650.1,11893.44
449,2024-11-23 08:49:00.540540540,CUST1007,Male,53,46-55,Laptop,Electronics,5,58156,5,276241.0,35620.41
450,2024-11-24 02:21:15.675675676,CUST1053,Female,53,46-55,Tablet,Electronics,3,29604,15,75490.2,14542.54
451,2024-11-24 19:53:30.810810808,CUST1048,Male,53,46-55,Laptop,Electronics,4,73002,10,262807.2,48191.83
452,2024-11-25 13:25:45.945945944,CUST1036,Male,27,26-35,Monitor,Electronics,4,10100,5,38380.0,2031.79
453,2024-11-26 06:58:01.081081080,CUST1002,Female,41,36-45,Monitor,Electronics,1,15011,5,14260.45,802.64
454,2024-11-27 00:30:16.216216216,CUST1059,Female,34,26-35,Monitor,Electronics,4,20828,10,74980.8,16910.38
455,2024-11-27 18:02:31.351351352,CUST1057,Male,55,46-55,Camera,Electronics,4,44611,0,178444.0,27526.63
456,2024-11-28 11:34:46.486486484,CUST1005,Female,44,36-45,Power Bank,Accessories,5,3022,0,15110.0,1118.77
457,2024-11-29 05:07:01.621621620,CUST1006,Female,49,46-55,Tablet,Electronics,5,39336,0,196680.0,38904.35
458,2024-11-29 22:39:16.756756756,CUST1099,Female,29,26-35,Keyboard,Accessories,3,2920,15,7446.0,1188.95
459,2024-11-30 16:11:31.891891892,CUST1071,Female,26,26-35,Headphones,Accessories,3,7919,0,23757.0,4067.89
460,2024-12-01 09:43:47.027027024,CUST1027,Female,21,18-25,Monitor,Electronics,3,16680,20,40032.0,3976.01
461,2024-12-02 03:16:02.162162160,CUST1004,Female,40,36-45,Power Bank,Accessories,2,1315,5,2498.5,619.73
462,2024-12-02 20:48:17.297297296,CUST1089,Female,49,46-55,Smartwatch,Wearables,2,18661,0,37322.0,3396.16
463,2024-12-03 14:20:32.432432432,CUST1044,Female,24,18-25,Power Bank,Accessories,1,825,0,825.0,170.17
464,2024-12-04 07:52:47.567567568,CUST1027,Male,28,26-35,Headphones,Accessories,5,7599,15,32295.75,4122.01
465,2024-12-05 01:25:02.702702700,CUST1030,Male,60,56-60,Speaker,Accessories,1,8207,15,6975.95,1100.54
466,2024-12-05 18:57:17.837837836,CUST1053,Male,43,36-45,Printer,Electronics,2,11939,0,23878.0,3331.81
467,2024-12-06 12:29:32.972972972,CUST1045,Male,55,46-55,Laptop,Electronics,2,87118,20,139388.8,33427.42
468,2024-12-07 06:01:48.108108108,CUST1092,Female,23,18-25,Mouse,Accessories,2,2232,10,4017.6,334.06
469,2024-12-07 23:34:03.243243244,CUST1094,Female,60,56-60,Smartwatch,Wearables,1,8474,20,6779.2,1053.8
470,2024-12-08 17:06:18.378378376,CUST1063,Male,23,18-25,Power Bank,Accessories,4,2690,15,9146.0,2277.02
471,2024-12-09 10:38:33.513513512,CUST1017,Female,43,36-45,Speaker,Accessories,1,6951,10,6255.9,887.04
472,2024-12-10 04:10:48.648648648,CUST1028,Male,40,36-45,Headphones,Accessories,2,7297,15,12404.9,2677.95
473,2024-12-10 21:43:03.783783784,CUST1007,Male,51,46-55,Speaker,Accessories,3,9936,5,28317.6,6892.8
474,2024-12-11 15:15:18.918918916,CUST1080,Female,25,18-25,Camera,Electronics,4,88069,0,352276.0,49898.81
475,2024-12-12 08:47:34.054054052,CUST1008,Female,37,36-45,Speaker,Accessories,2,7473,20,11956.8,1790.88
476,2024-12-13 02:19:49.189189188,CUST1065,Female,27,26-35,Mouse,Accessories,5,2051,5,9742.25,1113.87
477,2024-12-13 19:52:04.324324324,CUST1092,Female,25,18-25,Tablet,Electronics,3,37413,20,89791.2,8903.83
478,2024-12-14 13:24:19.459459460,CUST1026,Male,30,26-35,Headphones,Accessories,2,3787,0,7574.0,611.69
479,2024-12-15 06:56:34.594594592,CUST1019,Female,18,18-25,Smartphone,Electronics,1,42228,0,42228.0,7478.1
480,2024-12-16 00:28:49.729729728,CUST1083,Male,47,46-55,Mouse,Accessories,3,573,20,1375.2,137.8
481,2024-12-16 18:01:04.864864864,CUST1019,Female,44,36-45,Mouse,Accessories,4,2461,0,9844.0,869.41
482,2024-12-17 11:33:20.000000000,CUST1064,Female,40,36-45,Keyboard,Accessories,3,1564,0,4692.0,449.21
483,2024-12-18 05:05:35.135135136,CUST1010,Female,39,36-45,Laptop,Electronics,5,66536,20,266144.0,36269.07
484,2024-12-18 22:37:50.270270268,CUST1059,Male,38,36-45,Smartwatch,Wearables,4,12521,10,45075.6,4800.52
485,2024-12-19 16:10:05.405405404,CUST1083,Female,24,18-25,Tablet,Electronics,5,14557,15,61867.25,13278.7
486,2024-12-20 09:42:20.540540540,CUST1045,Female,46,46-55,Smartphone,Electronics,1,57351,10,51615.9,8710.72
487,2024-12-21 03:14:35.675675676,CUST1066,Female,44,36-45,Power Bank,Accessories,2,1070,10,1926.0,291.57
488,2024-12-21 20:46:50.810810808,CUST1023,Female,44,36-45,Smartwatch,Wearables,5,17523,5,83234.25,17044.81
489,2024-12-22 14:19:05.945945944,CUST1022,Male,21,18-25,Camera,Electronics,2,52056,20,83289.6,8869.88
490,2024-12-23 07:51:21.081081080,CUST1059,Female,48,46-55,Mouse,Accessories,5,980,0,4900.0,823.62
491,2024-12-24 01:23:36.216216216,CUST1002,Male,23,18-25,Monitor,Electronics,1,17865,20,14292.0,1583.39
492,2024-12-24 18:55:51.351351352,CUST1035,Male,39,36-45,Headphones,Accessories,4,5059,15,17200.6,1631.63
493,2024-12-25 12:28:06.486486484,CUST1026,Male,22,18-25,Printer,Electronics,2,8749,20,13998.4,2695.03
494,2024-12-26 06:00:21.621621620,CUST1021,Male,31,26-35,Headphones,Accessories,3,7005,15,17862.75,4411.59
495,2024-12-26 23:32:36.756756756,CUST1041,Female,38,36-45,Mouse,Accessories,1,571,10,513.9,68.29
496,2024-12-27 17:04:51.891891892,CUST1009,Male,49,46-55,Camera,Electronics,2,33712,0,67424.0,16211.72
497,2024-12-28 10:37:07.027027024,CUST1064,Female,34,26-35,Monitor,Electronics,4,21422,0,85688.0,6511.28
498,2024-12-29 04:09:22.162162160,CUST1022,Male,53,46-55,Printer,Electronics,1,29745,10,26770.5,5640.64
499,2024-12-29 21:41:37.297297296,CUST1072,Male,56,56-60,Camera,Electronics,1,44873,10,40385.7,2438.45
500,2024-12-30 15:13:52.432432432,CUST1048,Female,23,18-25,Monitor,Electronics,4,10292,10,37051.2,2733.45
501,2024-12-31 08:46:07.567567568,CUST1067,Male,18,18-25,Power Bank,Accessories,3,2297,15,5857.35,1213.88
502,2025-01-01 02:18:22.702702700,CUST1033,Male,36,36-45,Smartphone,Electronics,4,51258,5,194780.4,33732.53
503,2025-01-01 19:50:37.837837836,CUST1096,Female,21,18-25,Tablet,Electronics,3,29356,10,79261.2,15157.8
504,2025-01-02 13:22:52.972972972,CUST1005,Male,57,56-60,Laptop,Electronics,5,58624,20,234496.0,45419.72
505,2025-01-03 06:55:08.108108108,CUST1088,Female,30,26-35,Smartwatch,Wearables,3,4763,10,12860.1,2904.69
506,2025-01-04 00:27:23.243243244,CUST1056,Female,48,46-55,Keyboard,Accessories,4,3722,5,14143.6,3172.17
507,2025-01-04 17:59:38.378378376,CUST1079,Male,25,18-25,Mouse,Accessories,3,894,10,2413.8,126.56
508,2025-01-05 11:31:53.513513512,CUST1026,Male,50,46-55,Smartwatch,Wearables,4,21581,20,69059.2,7690.11
509,2025-01-06 05:04:08.648648648,CUST1068,Female,34,26-35,Power Bank,Accessories,1,1316,0,1316.0,296.89
510,2025-01-06 22:36:23.783783784,CUST1068,Female,50,46-55,Monitor,Electronics,2,28335,0,56670.0,10602.32
511,2025-01-07 16:08:38.918918916,CUST1006,Female,19,18-25,Speaker,Accessories,4,7932,20,25382.4,5253.46
512,2025-01-08 09:40:54.054054052,CUST1028,Male,31,26-35,Tablet,Electronics,3,34703,20,83287.2,5852.97
513,2025-01-09 03:13:09.189189188,CUST1061,Male,35,26-35,Smartwatch,Wearables,2,22840,0,45680.0,2388.89
514,2025-01-09 20:45:24.324324324,CUST1089,Female,34,26-35,Camera,Electronics,2,87875,0,175750.0,34724.16
515,2025-01-10 14:17:39.459459460,CUST1002,Male,58,56-60,Keyboard,Accessories,3,2212,15,5640.6,365.56
516,2025-01-11 07:49:54.594594592,CUST1073,Male,51,46-55,Camera,Electronics,3,66167,5,188575.95,20270.47
517,2025-01-12 01:22:09.729729728,CUST1053,Female,39,36-45,Monitor,Electronics,3,9518,15,24270.9,2656.65
518,2025-01-12 18:54:24.864864864,CUST1033,Female,36,36-45,Keyboard,Accessories,3,2914,5,8304.9,859.39
519,2025-01-13 12:26:40.000000000,CUST1047,Female,20,18-25,Monitor,Electronics,3,11849,0,35547.0,6801.06
520,2025-01-14 05:58:55.135135132,CUST1067,Male,58,56-60,Monitor,Electronics,4,29562,15,100510.8,5066.12
521,2025-01-14 23:31:10.270270268,CUST1047,Female,36,36-45,Laptop,Electronics,1,55438,10,49894.2,9844.48
522,2025-01-15 17:03:25.405405404,CUST1044,Female,39,36-45,Mouse,Accessories,2,324,20,518.4,68.24
523,2025-01-16 10:35:40.540540540,CUST1035,Male,24,18-25,Keyboard,Accessories,1,3735,10,3361.5,811.86
524,2025-01-17 04:07:55.675675676,CUST1049,Female,59,56-60,Printer,Electronics,1,10937,5,10390.15,2063.12
525,2025-01-17 21:40:10.810810808,CUST1072,Male,38,36-45,Headphones,Accessories,1,5462,15,4642.7,635.5
526,2025-01-18 15:12:25.945945944,CUST1049,Male,43,36-45,Speaker,Accessories,4,5638,0,22552.0,4152.61
527,2025-01-19 08:44:41.081081080,CUST1062,Male,57,56-60,Keyboard,Accessories,1,3304,15,2808.4,148.14
528,2025-01-20 02:16:56.216216216,CUST1066,Male,22,18-25,Laptop,Electronics,2,87399,10,157318.2,22305.85
529,2025-01-20 19:49:11.351351352,CUST1018,Male,50,46-55,Camera,Electronics,2,59397,5,112854.3,25617.12
530,2025-01-21 13:21:26.486486484,CUST1090,Female,30,26-35,Keyboard,Accessories,3,2493,0,7479.0,752.92
531,2025-01-22 06:53:41.621621620,CUST1059,Male,59,56-60,Smartwatch,Wearables,1,12748,10,11473.2,1808.94
532,2025-01-23 00:25:56.756756756,CUST1060,Female,50,46-55,Power Bank,Accessories,5,2673,10,12028.5,1694.44
533,2025-01-23 17:58:11.891891892,CUST1036,Male,60,56-60,Camera,Electronics,4,74831,15,254425.4,39946.09
534,2025-01-24 11:30:27.027027024,CUST1085,Female,35,26-35,Power Bank,Accessories,3,4569,0,13707.0,1236.64
535,2025-01-25 05:02:42.162162160,CUST1077,Female,60,56-60,Tablet,Electronics,4,41707,0,166828.0,33847.42
536,2025-01-25 22:34:57.297297296,CUST1073,Female,18,18-25,Monitor,Electronics,5,13103,20,52412.0,3359.52
537,2025-01-26 16:07:12.432432432,CUST1067,Female,38,36-45,Power Bank,Accessories,3,3468,15,8843.4,1231.36
538,2025-01-27 09:39:27.567567568,CUST1062,Female,18,18-25,Mouse,Accessories,4,1045,0,4180.0,507.36
539,2025-01-28 03:11:42.702702700,CUST1048,Male,41,36-45,Camera,Electronics,5,27591,20,110364.0,12730.32
540,2025-01-28 20:43:57.837837836,CUST1005,Female,56,56-60,Camera,Electronics,1,48408,20,38726.4,8934.63
541,2025-01-29 14:16:12.972972972,CUST1080,Male,52,46-55,Headphones,Accessories,1,3677,20,2941.6,545.34
542,2025-01-30 07:48:28.108108108,CUST1036,Female,40,36-45,Power Bank,Accessories,3,3742,0,11226.0,921.35
543,2025-01-31 01:20:43.243243240,CUST1005,Female,30,26-35,Tablet,Electronics,4,15520,20,49664.0,9622.3
544,2025-01-31 18:52:58.378378376,CUST1077,Female,35,26-35,Power Bank,Accessories,1,1520,10,1368.0,268.79
545,2025-02-01 12:25:13.513513512,CUST1027,Male,27,26-35,Camera,Electronics,4,68939,5,261968.2,40302.48
546,2025-02-02 05:57:28.648648648,CUST1008,Male,31,26-35,Speaker,Accessories,3,4953,15,12630.15,2076.17
547,2025-02-02 23:29:43.783783784,CUST1049,Male,50,46-55,Laptop,Electronics,3,54665,5,155795.25,13139.58
548,2025-02-03 17:01:58.918918916,CUST1076,Female,30,26-35,Smartphone,Electronics,1,58937,20,47149.6,7378.95
549,2025-02-04 10:34:14.054054052,CUST1048,Male,46,46-55,Laptop,Electronics,2,46160,20,73856.0,9481.03
550,2025-02-05 04:06:29.189189188,CUST1061,Female,24,18-25,Headphones,Accessories,1,6222,20,4977.6,1021.89
551,2025-02-05 21:38:44.324324324,CUST1031,Male,60,56-60,Laptop,Electronics,3,72130,20,173112.0,30413.23
552,2025-02-06 15:10:59.459459460,CUST1085,Male,33,26-35,Camera,Electronics,4,67056,0,268224.0,38359.0
553,2025-02-07 08:43:14.594594592,CUST1044,Male,58,56-60,Printer,Electronics,5,10434,10,46953.0,10376.37
554,2025-02-08 02:15:29.729729728,CUST1047,Male,28,26-35,Headphones,Accessories,1,2255,5,2142.25,493.48
555,2025-02-08 19:47:44.864864864,CUST1078,Female,49,46-55,Smartphone,Electronics,4,42374,0,169496.0,33664.67
556,2025-02-09 13:20:00.000000000,CUST1092,Female,35,26-35,Power Bank,Accessories,5,3404,15,14467.0,3608.6
557,2025-02-10 06:52:15.135135132,CUST1074,Male,36,36-45,Headphones,Accessories,3,3621,15,9233.55,1318.99
558,2025-02-11 00:24:30.270270268,CUST1048,Male,48,46-55,Camera,Electronics,3,89925,10,242797.5,52510.68
559,2025-02-11 17:56:45.405405404,CUST1047,Male,45,36-45,Printer,Electronics,4,23889,20,76444.8,5407.38
560,2025-02-12 11:29:00.540540540,CUST1044,Female,53,46-55,Printer,Electronics,1,22633,5,21501.35,4437.71
561,2025-02-13 05:01:15.675675676,CUST1063,Female,49,46-55,Tablet,Electronics,4,30176,10,108633.6,20013.73
562,2025-02-13 22:33:30.810810808,CUST1057,Male,46,46-55,Power Bank,Accessories,4,2088,15,7099.2,909.77
563,2025-02-14 16:05:45.945945944,CUST1085,Male,33,26-35,Laptop,Electronics,3,55935,5,159414.75,36318.76
564,2025-02-15 09:38:01.081081080,CUST1058,Female,29,26-35,Camera,Electronics,5,64178,10,288801.0,25147.22
565,2025-02-16 03:10:16.216216216,CUST1079,Female,47,46-55,Smartphone,Electronics,4,56609,15,192470.6,38330.65
566,2025-02-16 20:42:31.351351352,CUST1017,Female,43,36-45,Laptop,Electronics,2,46539,10,83770.2,17957.5
567,2025-02-17 14:14:46.486486484,CUST1044,Male,55,46-55,Laptop,Electronics,3,52226,20,125342.4,14402.14
568,2025-02-18 07:47:01.621621620,CUST1073,Female,38,36-45,Power Bank,Accessories,5,1722,15,7318.5,1571.67
569,2025-02-19 01:19:16.756756756,CUST1083,Male,32,26-35,Tablet,Electronics,4,34031,15,115705.4,23688.66
570,2025-02-19 18:51:31.891891892,CUST1034,Female,50,46-55,Power Bank,Accessories,1,4548,20,3638.4,821.69
571,2025-02-20 12:23:47.027027024,CUST1001,Male,23,18-25,Mouse,Accessories,3,754,20,1809.6,389.21
572,2025-02-21 05:56:02.162162160,CUST1042,Male,28,26-35,Smartwatch,Wearables,5,14031,10,63139.5,15770.89
573,2025-02-21 23:28:17.297297296,CUST1094,Male,49,46-55,Speaker,Accessories,2,2974,20,4758.4,681.24
574,2025-02-22 17:00:32.432432432,CUST1047,Female,52,46-55,Laptop,Electronics,3,44594,10,120403.8,6350.06
575,2025-02-23 10:32:47.567567568,CUST1078,Female,52,46-55,Mouse,Accessories,2,1291,15,2194.7,126.83
576,2025-02-24 04:05:02.702702704,CUST1018,Male,52,46-55,Speaker,Accessories,5,1567,20,6268.0,1113.6
577,2025-02-24 21:37:17.837837840,CUST1082,Female,19,18-25,Speaker,Accessories,5,8582,0,42910.0,4109.71
578,2025-02-25 15:09:32.972972968,CUST1058,Male,41,36-45,Tablet,Electronics,2,16838,15,28624.6,4452.14
579,2025-02-26 08:41:48.108108104,CUST1037,Female,38,36-45,Mouse,Accessories,2,2223,0,4446.0,632.37
580,2025-02-27 02:14:03.243243240,CUST1081,Male,31,26-35,Printer,Electronics,3,25345,10,68431.5,12694.48
581,2025-02-27 19:46:18.378378376,CUST1088,Male,40,36-45,Smartwatch,Wearables,5,5716,0,28580.0,5111.57
582,2025-02-28 13:18:33.513513512,CUST1075,Female,27,26-35,Printer,Electronics,3,12982,15,33104.1,4395.08
583,2025-03-01 06:50:48.648648648,CUST1032,Female,39,36-45,Monitor,Electronics,1,20380,5,19361.0,1042.18
584,2025-03-02 00:23:03.783783784,CUST1002,Male,60,56-60,Tablet,Electronics,4,44087,15,149895.8,36302.37
585,2025-03-02 17:55:18.918918920,CUST1065,Female,43,36-45,Power Bank,Accessories,5,3820,5,18145.0,2985.24
586,2025-03-03 11:27:34.054054056,CUST1007,Male,43,36-45,Keyboard,Accessories,4,2459,10,8852.4,534.67
587,2025-03-04 04:59:49.189189184,CUST1015,Female,43,36-45,Smartwatch,Wearables,1,23119,15,19651.15,4444.98
588,2025-03-04 22:32:04.324324320,CUST1087,Female,24,18-25,Speaker,Accessories,5,10646,10,47907.0,9460.92
589,2025-03-05 16:04:19.459459456,CUST1094,Male,52,46-55,Printer,Electronics,4,16020,5,60876.0,11459.44
590,2025-03-06 09:36:34.594594592,CUST1052,Male,25,18-25,Tablet,Electronics,5,13805,15,58671.25,7011.3
591,2025-03-07 03:08:49.729729728,CUST1018,Male,29,26-35,Tablet,Electronics,1,45903,5,43607.85,10360.92
592,2025-03-07 20:41:04.864864864,CUST1049,Female,51,46-55,Speaker,Accessories,4,4117,5,15644.6,2268.31
593,2025-03-08 14:13:20.000000000,CUST1036,Female,41,36-45,Monitor,Electronics,4,21070,20,67424.0,10516.54
594,2025-03-09 07:45:35.135135136,CUST1007,Female,57,56-60,Printer,Electronics,4,16295,10,58662.0,6760.84
595,2025-03-10 01:17:50.270270272,CUST1095,Male,27,26-35,Smartwatch,Wearables,4,17408,15,59187.2,10937.73
596,2025-03-10 18:50:05.405405408,CUST1087,Female,54,46-55,Keyboard,Accessories,4,3794,5,14417.2,1708.86
597,2025-03-11 12:22:20.540540536,CUST1061,Female,40,36-45,Smartwatch,Wearables,2,14298,15,24306.6,4215.83
598,2025-03-12 05:54:35.675675672,CUST1016,Female,55,46-55,Mouse,Accessories,3,2263,15,5770.65,851.56
599,2025-03-12 23:26:50.810810808,CUST1097,Male,48,46-55,Laptop,Electronics,2,77688,5,147607.2,15703.02
600,2025-03-13 16:59:05.945945944,CUST1039,Male,39,36-45,Printer,Electronics,1,6687,5,6352.65,1165.35
601,2025-03-14 10:31:21.081081080,CUST1089,Female,32,26-35,Laptop,Electronics,5,83856,0,419280.0,99823.79
602,2025-03-15 04:03:36.216216216,CUST1082,Female,38,36-45,Speaker,Accessories,5,1946,15,8270.5,1212.75
603,2025-03-15 21:35:51.351351352,CUST1038,Male,24,18-25,Power Bank,Accessories,3,4943,5,14087.55,1051.59
604,2025-03-16 15:08:06.486486488,CUST1005,Female,42,36-45,Keyboard,Accessories,5,3424,0,17120.0,3656.34
605,2025-03-17 08:40:21.621621624,CUST1071,Male,30,26-35,Headphones,Accessories,4,2881,15,9795.4,2390.54
606,2025-03-18 02:12:36.756756752,CUST1066,Female,30,26-35,Printer,Electronics,3,20821,15,53093.55,4409.97
607,2025-03-18 19:44:51.891891888,CUST1071,Male,20,18-25,Power Bank,Accessories,2,1519,20,2430.4,401.8
608,2025-03-19 13:17:07.027027024,CUST1058,Female,23,18-25,Printer,Electronics,3,26866,10,72538.2,8522.95
609,2025-03-20 06:49:22.162162160,CUST1021,Male,42,36-45,Mouse,Accessories,1,1065,20,852.0,191.54
610,2025-03-21 00:21:37.297297296,CUST1053,Male,30,26-35,Keyboard,Accessories,2,775,15,1317.5,263.57
611,2025-03-21 17:53:52.432432432,CUST1090,Male,50,46-55,Keyboard,Accessories,5,3844,5,18259.0,1778.74
612,2025-03-22 11:26:07.567567568,CUST1027,Female,25,18-25,Tablet,Electronics,3,21737,10,58689.9,9859.29
613,2025-03-23 04:58:22.702702704,CUST1029,Male,33,26-35,Printer,Electronics,2,16997,5,32294.3,4927.61
614,2025-03-23 22:30:37.837837840,CUST1084,Female,30,26-35,Tablet,Electronics,2,44524,5,84595.6,7118.02
615,2025-03-24 16:02:52.972972968,CUST1094,Female,34,26-35,Mouse,Accessories,3,442,0,1326.0,190.5
616,2025-03-25 09:35:08.108108104,CUST1053,Female,40,36-45,Mouse,Accessories,4,716,0,2864.0,394.19
617,2025-03-26 03:07:23.243243240,CUST1011,Male,52,46-55,Laptop,Electronics,2,43791,0,87582.0,10264.73
618,2025-03-26 20:39:38.378378376,CUST1064,Male,31,26-35,Laptop,Electronics,1,67527,10,60774.3,5147.54
619,2025-03-27 14:11:53.513513512,CUST1092,Female,57,56-60,Speaker,Accessories,3,9350,0,28050.0,2584.98
620,2025-03-28 07:44:08.648648648,CUST1053,Female,38,36-45,Mouse,Accessories,2,913,20,1460.8,291.99
621,2025-03-29 01:16:23.783783784,CUST1020,Male,58,56-60,Smartwatch,Wearables,3,15682,10,42341.4,4594.18
622,2025-03-29 18:48:38.918918920,CUST1005,Male,19,18-25,Headphones,Accessories,3,1870,15,4768.5,808.06
623,2025-03-30 12:20:54.054054056,CUST1067,Female,55,46-55,Headphones,Accessories,2,2573,20,4116.8,934.39
624,2025-03-31 05:53:09.189189184,CUST1057,Male,43,36-45,Monitor,Electronics,3,19939,5,56826.15,8019.52
625,2025-03-31 23:25:24.324324320,CUST1055,Female,58,56-60,Laptop,Electronics,4,46226,5,175658.8,18554.11
626,2025-04-01 16:57:39.459459456,CUST1071,Male,45,36-45,Speaker,Accessories,2,4363,0,8726.0,2068.91
627,2025-04-02 10:29:54.594594592,CUST1015,Female,33,26-35,Smartwatch,Wearables,4,22389,15,76122.6,6316.42
628,2025-04-03 04:02:09.729729728,CUST1023,Male,29,26-35,Smartwatch,Wearables,5,9678,5,45970.5,4039.83
629,2025-04-03 21:34:24.864864864,CUST1023,Male,59,56-60,Monitor,Electronics,2,17107,5,32503.3,2777.03
630,2025-04-04 15:06:40.000000000,CUST1052,Female,20,18-25,Mouse,Accessories,3,570,10,1539.0,142.34
631,2025-04-05 08:38:55.135135136,CUST1086,Male,43,36-45,Power Bank,Accessories,2,3198,5,6076.2,1392.13
632,2025-04-06 02:11:10.270270272,CUST1002,Female,40,36-45,Keyboard,Accessories,1,1769,0,1769.0,346.62
633,2025-04-06 19:43:25.405405400,CUST1061,Male,38,36-45,Camera,Electronics,4,96088,15,326699.2,24168.62
634,2025-04-07 13:15:40.540540536,CUST1024,Male,55,46-55,Laptop,Electronics,2,40249,15,68423.3,13464.11
635,2025-04-08 06:47:55.675675672,CUST1046,Male,41,36-45,Mouse,Accessories,2,2417,0,4834.0,285.45
636,2025-04-09 00:20:10.810810808,CUST1022,Male,21,18-25,Tablet,Electronics,2,22948,15,39011.6,8762.16
637,2025-04-09 17:52:25.945945944,CUST1074,Female,57,56-60,Headphones,Accessories,2,5440,15,9248.0,482.4
638,2025-04-10 11:24:41.081081080,CUST1058,Female,54,46-55,Mouse,Accessories,3,1560,20,3744.0,356.63
639,2025-04-11 04:56:56.216216216,CUST1075,Female,18,18-25,Smartphone,Electronics,4,17866,10,64317.6,10063.03
640,2025-04-11 22:29:11.351351352,CUST1091,Male,43,36-45,Tablet,Electronics,3,40663,20,97591.2,9685.81
641,2025-04-12 16:01:26.486486488,CUST1051,Male,47,46-55,Camera,Electronics,2,90006,5,171011.4,10272.64
642,2025-04-13 09:33:41.621621624,CUST1062,Male,29,26-35,Printer,Electronics,5,16350,0,81750.0,8221.73
643,2025-04-14 03:05:56.756756752,CUST1061,Male,59,56-60,Camera,Electronics,1,68618,20,54894.4,11461.18
644,2025-04-14 20:38:11.891891888,CUST1044,Female,34,26-35,Laptop,Electronics,2,48848,0,97696.0,11886.37
645,2025-04-15 14:10:27.027027024,CUST1030,Female,52,46-55,Monitor,Electronics,5,20942,20,83768.0,10632.02
646,2025-04-16 07:42:42.162162160,CUST1088,Female,52,46-55,Mouse,Accessories,5,1281,5,6084.75,1136.47
647,2025-04-17 01:14:57.297297296,CUST1058,Male,43,36-45,Smartphone,Electronics,5,32369,15,137568.25,13750.56
648,2025-04-17 18:47:12.432432432,CUST1043,Female,35,26-35,Smartphone,Electronics,1,20368,20,16294.4,1544.65
649,2025-04-18 12:19:27.567567568,CUST1034,Male,32,26-35,Tablet,Electronics,3,25086,15,63969.3,12068.9
650,2025-04-19 05:51:42.702702704,CUST1060,Female,37,36-45,Headphones,Accessories,3,7265,15,18525.75,3944.77
651,2025-04-19 23:23:57.837837840,CUST1012,Male,24,18-25,Laptop,Electronics,2,77952,10,140313.6,16975.07
652,2025-04-20 16:56:12.972972968,CUST1015,Male,31,26-35,Monitor,Electronics,4,8807,10,31705.2,1770.13
653,2025-04-21 10:28:28.108108104,CUST1023,Female,43,36-45,Keyboard,Accessories,5,1717,10,7726.5,743.88
654,2025-04-22 04:00:43.243243240,CUST1056,Male,48,46-55,Speaker,Accessories,5,2461,15,10459.25,2439.98
655,2025-04-22 21:32:58.378378376,CUST1059,Female,47,46-55,Headphones,Accessories,2,6316,20,10105.6,1371.24
656,2025-04-23 15:05:13.513513512,CUST1055,Female,60,56-60,Smartphone,Electronics,5,34094,20,136376.0,7038.61
657,2025-04-24 08:37:28.648648648,CUST1073,Male,21,18-25,Camera,Electronics,2,44601,5,84741.9,12950.18
658,2025-04-25 02:09:43.783783784,CUST1042,Female,23,18-25,Keyboard,Accessories,3,946,10,2554.2,550.93
659,2025-04-25 19:41:58.918918920,CUST1031,Female,49,46-55,Laptop,Electronics,4,83856,0,335424.0,30918.46
660,2025-04-26 13:14:14.054054056,CUST1002,Male,23,18-25,Monitor,Electronics,1,28435,10,25591.5,3605.35
661,2025-04-27 06:46:29.189189184,CUST1022,Male,29,26-35,Printer,Electronics,1,20448,10,18403.2,4374.55
662,2025-04-28 00:18:44.324324320,CUST1024,Male,36,36-45,Camera,Electronics,5,60699,0,303495.0,24900.28
663,2025-04-28 17:50:59.459459456,CUST1040,Female,31,26-35,Camera,Electronics,1,53141,5,50483.95,5962.61
664,2025-04-29 11:23:14.594594592,CUST1010,Male,31,26-35,Printer,Electronics,4,13905,5,52839.0,5112.84
665,2025-04-30 04:55:29.729729728,CUST1041,Female,38,36-45,Mouse,Accessories,5,1771,5,8412.25,1979.34
666,2025-04-30 22:27:44.864864864,CUST1089,Female,28,26-35,Smartphone,Electronics,1,65705,10,59134.5,3295.59
667,2025-05-01 16:00:00.000000000,CUST1001,Male,60,56-60,Monitor,Electronics,2,24459,15,41580.3,5386.18
668,2025-05-02 09:32:15.135135136,CUST1016,Male,44,36-45,Camera,Electronics,4,43443,20,139017.6,30093.52
669,2025-05-03 03:04:30.270270272,CUST1092,Male,53,46-55,Laptop,Electronics,5,89241,15,379274.25,53102.84
670,2025-05-03 20:36:45.405405400,CUST1036,Female,54,46-55,Power Bank,Accessories,2,1894,20,3030.4,679.19
671,2025-05-04 14:09:00.540540536,CUST1036,Female,32,26-35,Headphones,Accessories,4,5556,5,21112.8,1936.42
672,2025-05-05 07:41:15.675675672,CUST1095,Female,46,46-55,Speaker,Accessories,1,6433,15,5468.05,719.28
673,2025-05-06 01:13:30.810810808,CUST1012,Female,22,18-25,Smartphone,Electronics,4,31428,10,113140.8,21432.57
674,2025-05-06 18:45:45.945945944,CUST1018,Female,46,46-55,Speaker,Accessories,4,2431,0,9724.0,933.49
675,2025-05-07 12:18:01.081081080,CUST1049,Female,23,18-25,Monitor,Electronics,1,16339,0,16339.0,2599.8
676,2025-05-08 05:50:16.216216216,CUST1043,Female,22,18-25,Smartphone,Electronics,3,18748,5,53431.8,3044.96
677,2025-05-08 23:22:31.351351352,CUST1093,Female,30,26-35,Smartphone,Electronics,1,68865,15,58535.25,14367.83
678,2025-05-09 16:54:46.486486488,CUST1058,Male,38,36-45,Headphones,Accessories,3,2630,20,6312.0,1285.13
679,2025-05-10 10:27:01.621621624,CUST1015,Female,27,26-35,Keyboard,Accessories,2,2863,0,5726.0,859.71
680,2025-05-11 03:59:16.756756752,CUST1025,Male,48,46-55,Tablet,Electronics,1,47770,20,38216.0,7868.8
681,2025-05-11 21:31:31.891891888,CUST1064,Male,29,26-35,Smartphone,Electronics,1,38776,10,34898.4,8668.5
682,2025-05-12 15:03:47.027027024,CUST1039,Male,59,56-60,Power Bank,Accessories,2,1931,10,3475.8,261.35
683,2025-05-13 08:36:02.162162160,CUST1026,Male,60,56-60,Smartphone,Electronics,5,55130,15,234302.5,18827.4
684,2025-05-14 02:08:17.297297296,CUST1024,Male,19,18-25,Laptop,Electronics,2,88443,15,150353.1,15814.82
685,2025-05-14 19:40:32.432432432,CUST1046,Female,59,56-60,Camera,Electronics,1,58783,0,58783.0,10607.22
686,2025-05-15 13:12:47.567567568,CUST1040,Male,33,26-35,Mouse,Accessories,1,767,5,728.65,42.99
687,2025-05-16 06:45:02.702702704,CUST1075,Female,49,46-55,Smartphone,Electronics,1,63449,15,53931.65,6277.34
688,2025-05-17 00:17:17.837837840,CUST1065,Female,26,26-35,Camera,Electronics,1,94345,15,80193.25,11751.73
689,2025-05-17 17:49:32.972972968,CUST1028,Female,53,46-55,Laptop,Electronics,3,57793,0,173379.0,42141.59
690,2025-05-18 11:21:48.108108104,CUST1077,Female,54,46-55,Power Bank,Accessories,4,2972,20,9510.4,607.51
691,2025-05-19 04:54:03.243243240,CUST1069,Female,35,26-35,Mouse,Accessories,2,1451,5,2756.9,362.03
692,2025-05-19 22:26:18.378378376,CUST1044,Female,53,46-55,Keyboard,Accessories,5,1879,0,9395.0,1048.27
693,2025-05-20 15:58:33.513513512,CUST1058,Female,37,36-45,Keyboard,Accessories,3,1162,20,2788.8,291.13
694,2025-05-21 09:30:48.648648648,CUST1086,Male,21,18-25,Mouse,Accessories,3,1785,15,4551.75,522.11
695,2025-05-22 03:03:03.783783784,CUST1026,Male,49,46-55,Tablet,Electronics,4,35256,15,119870.4,21571.59
696,2025-05-22 20:35:18.918918920,CUST1030,Female,40,36-45,Keyboard,Accessories,3,2753,10,7433.1,371.7
697,2025-05-23 14:07:34.054054056,CUST1034,Female,34,26-35,Headphones,Accessories,3,6229,20,14949.6,3610.72
698,2025-05-24 07:39:49.189189184,CUST1090,Male,26,26-35,Mouse,Accessories,1,2285,20,1828.0,452.92
699,2025-05-25 01:12:04.324324320,CUST1053,Male,25,18-25,Printer,Electronics,1,20166,10,18149.4,3919.26
700,2025-05-25 18:44:19.459459456,CUST1066,Male,28,26-35,Smartwatch,Wearables,2,4575,10,8235.0,1879.75
701,2025-05-26 12:16:34.594594592,CUST1028,Male,18,18-25,Laptop,Electronics,2,68572,15,116572.4,21733.56
702,2025-05-27 05:48:49.729729728,CUST1075,Male,50,46-55,Headphones,Accessories,4,6794,20,21740.8,3602.42
703,2025-05-27 23:21:04.864864864,CUST1044,Male,37,36-45,Keyboard,Accessories,4,742,10,2671.2,523.69
704,2025-05-28 16:53:20.000000000,CUST1052,Male,30,26-35,Speaker,Accessories,4,5012,15,17040.8,2361.97
705,2025-05-29 10:25:35.135135136,CUST1025,Male,60,56-60,Monitor,Electronics,4,19463,5,73959.4,11442.46
706,2025-05-30 03:57:50.270270272,CUST1050,Male,60,56-60,Tablet,Electronics,4,23331,10,83991.6,18182.79
707,2025-05-30 21:30:05.405405400,CUST1037,Male,32,26-35,Power Bank,Accessories,3,3513,5,10012.05,2142.71
708,2025-05-31 15:02:20.540540536,CUST1064,Male,60,56-60,Smartphone,Electronics,4,19837,0,79348.0,13705.59
709,2025-06-01 08:34:35.675675672,CUST1067,Female,57,56-60,Headphones,Accessories,3,7195,10,19426.5,4498.15
710,2025-06-02 02:06:50.810810808,CUST1045,Female,29,26-35,Printer,Electronics,4,14106,10,50781.6,11794.93
711,2025-06-02 19:39:05.945945944,CUST1053,Female,41,36-45,Mouse,Accessories,1,1592,0,1592.0,344.89
712,2025-06-03 13:11:21.081081080,CUST1053,Male,21,18-25,Printer,Electronics,1,20342,5,19324.9,2559.7
713,2025-06-04 06:43:36.216216216,CUST1025,Male,40,36-45,Printer,Electronics,2,13707,10,24672.6,6016.77
714,2025-06-05 00:15:51.351351352,CUST1016,Male,46,46-55,Printer,Electronics,1,21523,10,19370.7,3518.12
715,2025-06-05 17:48:06.486486488,CUST1088,Female,33,26-35,Headphones,Accessories,4,4164,20,13324.8,973.1
716,2025-06-06 11:20:21.621621616,CUST1037,Female,55,46-55,Headphones,Accessories,3,6678,20,16027.2,2218.27
717,2025-06-07 04:52:36.756756752,CUST1009,Female,42,36-45,Tablet,Electronics,1,38369,0,38369.0,3080.51
718,2025-06-07 22:24:51.891891888,CUST1000,Female,24,18-25,Printer,Electronics,5,17569,10,79060.5,9298.85
719,2025-06-08 15:57:07.027027024,CUST1003,Female,51,46-55,Power Bank,Accessories,1,1443,10,1298.7,246.29
720,2025-06-09 09:29:22.162162160,CUST1023,Female,24,18-25,Laptop,Electronics,2,85512,20,136819.2,22629.39
721,2025-06-10 03:01:37.297297296,CUST1077,Female,53,46-55,Headphones,Accessories,4,6754,10,24314.4,3967.38
722,2025-06-10 20:33:52.432432432,CUST1058,Female,35,26-35,Printer,Electronics,4,7436,10,26769.6,2149.31
723,2025-06-11 14:06:07.567567568,CUST1029,Male,54,46-55,Keyboard,Accessories,2,3610,0,7220.0,1557.27
724,2025-06-12 07:38:22.702702704,CUST1052,Female,28,26-35,Monitor,Electronics,4,14411,15,48997.4,10127.46
725,2025-06-13 01:10:37.837837840,CUST1069,Male,18,18-25,Tablet,Electronics,2,20073,5,38138.7,3258.22
726,2025-06-13 18:42:52.972972968,CUST1029,Female,25,18-25,Power Bank,Accessories,3,1924,5,5483.4,910.95
727,2025-06-14 12:15:08.108108104,CUST1026,Male,59,56-60,Printer,Electronics,2,29780,15,50626.0,12155.63
728,2025-06-15 05:47:23.243243240,CUST1014,Female,26,26-35,Tablet,Electronics,5,36140,0,180700.0,29522.51
729,2025-06-15 23:19:38.378378376,CUST1081,Male,56,56-60,Smartphone,Electronics,4,39849,10,143456.4,12603.61
730,2025-06-16 16:51:53.513513512,CUST1097,Male,55,46-55,Power Bank,Accessories,2,1690,5,3211.0,330.39
731,2025-06-17 10:24:08.648648648,CUST1056,Female,39,36-45,Smartwatch,Wearables,4,20565,5,78147.0,16167.14
732,2025-06-18 03:56:23.783783784,CUST1048,Male,33,26-35,Mouse,Accessories,4,523,15,1778.2,94.01
733,2025-06-18 21:28:38.918918920,CUST1095,Female,39,36-45,Printer,Electronics,5,25158,20,100632.0,20401.98
734,2025-06-19 15:00:54.054054056,CUST1002,Male,27,26-35,Speaker,Accessories,2,5354,20,8566.4,449.46
735,2025-06-20 08:33:09.189189184,CUST1076,Female,27,26-35,Headphones,Accessories,5,1034,15,4394.5,569.35
736,2025-06-21 02:05:24.324324320,CUST1066,Female,20,18-25,Headphones,Accessories,2,1339,15,2276.3,117.15
737,2025-06-21 19:37:39.459459456,CUST1076,Female,40,36-45,Smartwatch,Wearables,5,21951,0,109755.0,17733.64
738,2025-06-22 13:09:54.594594592,CUST1000,Male,24,18-25,Mouse,Accessories,2,2113,0,4226.0,756.94
739,2025-06-23 06:42:09.729729728,CUST1080,Female,60,56-60,Camera,Electronics,1,61824,5,58732.8,4932.23
740,2025-06-24 00:14:24.864864864,CUST1005,Female,43,36-45,Power Bank,Accessories,1,1219,0,1219.0,75.36
741,2025-06-24 17:46:40.000000000,CUST1017,Male,60,56-60,Mouse,Accessories,2,1464,10,2635.2,424.13
742,2025-06-25 11:18:55.135135136,CUST1083,Male,45,36-45,Speaker,Accessories,3,5706,0,17118.0,2278.21
743,2025-06-26 04:51:10.270270272,CUST1005,Female,50,46-55,Power Bank,Accessories,1,2831,10,2547.9,620.57
744,2025-06-26 22:23:25.405405400,CUST1081,Female,56,56-60,Smartwatch,Wearables,5,5340,20,21360.0,1482.24
745,2025-06-27 15:55:40.540540536,CUST1054,Female,19,18-25,Smartphone,Electronics,5,47113,15,200230.25,12924.26
746,2025-06-28 09:27:55.675675672,CUST1064,Male,36,36-45,Speaker,Accessories,5,8181,20,32724.0,3106.54
747,2025-06-29 03:00:10.810810808,CUST1091,Male,60,56-60,Headphones,Accessories,3,2873,15,7326.15,1437.2
748,2025-06-29 20:32:25.945945944,CUST1048,Male,50,46-55,Power Bank,Accessories,4,3738,15,12709.2,2837.77
749,2025-06-30 14:04:41.081081080,CUST1037,Male,43,36-45,Mouse,Accessories,2,426,10,766.8,108.83
750,2025-07-01 07:36:56.216216216,CUST1054,Female,39,36-45,Tablet,Electronics,4,30923,20,98953.6,7580.04
751,2025-07-02 01:09:11.351351352,CUST1005,Male,39,36-45,Tablet,Electronics,2,38756,0,77512.0,10217.4
752,2025-07-02 18:41:26.486486488,CUST1086,Male,40,36-45,Tablet,Electronics,3,47782,20,114676.8,19352.41
753,2025-07-03 12:13:41.621621616,CUST1046,Male,38,36-45,Laptop,Electronics,3,61292,15,156294.6,14382.45
754,2025-07-04 05:45:56.756756752,CUST1090,Male,59,56-60,Smartwatch,Wearables,2,15743,15,26763.1,5081.45
755,2025-07-04 23:18:11.891891888,CUST1086,Male,48,46-55,Printer,Electronics,2,8159,20,13054.4,1927.29
756,2025-07-05 16:50:27.027027024,CUST1065,Female,54,46-55,Keyboard,Accessories,5,2127,0,10635.0,2007.93
757,2025-07-06 10:22:42.162162160,CUST1044,Female,58,56-60,Printer,Electronics,3,24680,20,59232.0,11664.06
758,2025-07-07 03:54:57.297297296,CUST1023,Female,31,26-35,Speaker,Accessories,3,7122,20,17092.8,2467.0
759,2025-07-07 21:27:12.432432432,CUST1034,Female,35,26-35,Headphones,Accessories,1,2907,20,2325.6,174.59
760,2025-07-08 14:59:27.567567568,CUST1015,Male,53,46-55,Laptop,Electronics,5,44603,10,200713.5,33643.34
761,2025-07-09 08:31:42.702702704,CUST1041,Male,46,46-55,Smartphone,Electronics,3,68775,10,185692.5,18782.56
762,2025-07-10 02:03:57.837837840,CUST1044,Female,50,46-55,Headphones,Accessories,4,2462,5,9355.6,1041.12
763,2025-07-10 19:36:12.972972968,CUST1009,Female,38,36-45,Monitor,Electronics,1,14191,10,12771.9,862.84
764,2025-07-11 13:08:28.108108104,CUST1003,Female,35,26-35,Printer,Electronics,4,10476,0,41904.0,7164.24
765,2025-07-12 06:40:43.243243240,CUST1014,Male,26,26-35,Smartwatch,Wearables,1,8297,15,7052.45,727.81
766,2025-07-13 00:12:58.378378376,CUST1092,Male,22,18-25,Headphones,Accessories,5,1787,5,8488.25,1928.38
767,2025-07-13 17:45:13.513513512,CUST1062,Male,59,56-60,Keyboard,Accessories,2,3760,0,7520.0,1699.15
768,2025-07-14 11:17:28.648648648,CUST1012,Male,47,46-55,Printer,Electronics,3,11730,20,28152.0,2185.3
769,2025-07-15 04:49:43.783783784,CUST1051,Female,30,26-35,Keyboard,Accessories,5,1597,15,6787.25,1368.36
770,2025-07-15 22:21:58.918918920,CUST1077,Female,19,18-25,Tablet,Electronics,4,27174,20,86956.8,20600.83
771,2025-07-16 15:54:14.054054056,CUST1054,Male,22,18-25,Camera,Electronics,1,25798,5,24508.1,2835.87
772,2025-07-17 09:26:29.189189184,CUST1069,Male,19,18-25,Laptop,Electronics,5,70329,15,298898.25,27308.41
773,2025-07-18 02:58:44.324324320,CUST1082,Female,52,46-55,Headphones,Accessories,3,3933,15,10029.15,1996.23
774,2025-07-18 20:30:59.459459456,CUST1034,Female,36,36-45,Monitor,Electronics,1,10371,0,10371.0,1190.03
775,2025-07-19 14:03:14.594594592,CUST1082,Male,31,26-35,Tablet,Electronics,3,45685,15,116496.75,14601.15
776,2025-07-20 07:35:29.729729728,CUST1082,Female,42,36-45,Laptop,Electronics,3,60039,5,171111.15,19402.04
777,2025-07-21 01:07:44.864864864,CUST1035,Male,34,26-35,Camera,Electronics,5,58798,10,264591.0,54774.76
778,2025-07-21 18:40:00.000000000,CUST1054,Female,23,18-25,Printer,Electronics,2,12358,20,19772.8,2286.37
779,2025-07-22 12:12:15.135135136,CUST1027,Male,41,36-45,Laptop,Electronics,2,84414,10,151945.2,16897.74
780,2025-07-23 05:44:30.270270272,CUST1020,Female,28,26-35,Headphones,Accessories,5,7221,10,32494.5,7814.19
781,2025-07-23 23:16:45.405405400,CUST1095,Female,56,56-60,Monitor,Electronics,3,21639,10,58425.3,13972.41
782,2025-07-24 16:49:00.540540536,CUST1055,Male,24,18-25,Monitor,Electronics,5,11968,20,47872.0,9497.59
783,2025-07-25 10:21:15.675675672,CUST1026,Male,21,18-25,Monitor,Electronics,3,28213,20,67711.2,4111.9
784,2025-07-26 03:53:30.810810808,CUST1041,Female,44,36-45,Laptop,Electronics,4,43158,0,172632.0,36962.31
785,2025-07-26 21:25:45.945945944,CUST1098,Female,50,46-55,Mouse,Accessories,4,2324,10,8366.4,1429.5
786,2025-07-27 14:58:01.081081080,CUST1062,Male,49,46-55,Mouse,Accessories,4,2010,10,7236.0,1575.79
787,2025-07-28 08:30:16.216216216,CUST1069,Female,41,36-45,Laptop,Electronics,2,49265,5,93603.5,5563.73
788,2025-07-29 02:02:31.351351352,CUST1076,Female,32,26-35,Speaker,Accessories,4,11986,10,43149.6,7591.12
789,2025-07-29 19:34:46.486486488,CUST1000,Female,51,46-55,Printer,Electronics,5,16143,15,68607.75,10898.44
790,2025-07-30 13:07:01.621621616,CUST1070,Female,32,26-35,Smartphone,Electronics,1,63476,5,60302.2,5034.75
791,2025-07-31 06:39:16.756756752,CUST1080,Female,48,46-55,Tablet,Electronics,5,31029,10,139630.5,13962.29
792,2025-08-01 00:11:31.891891888,CUST1021,Male,31,26-35,Mouse,Accessories,5,639,20,2556.0,337.75
793,2025-08-01 17:43:47.027027024,CUST1079,Female,54,46-55,Headphones,Accessories,2,3681,0,7362.0,570.35
794,2025-08-02 11:16:02.162162160,CUST1080,Female,19,18-25,Camera,Electronics,5,31054,5,147506.5,29394.0
795,2025-08-03 04:48:17.297297296,CUST1072,Male,42,36-45,Tablet,Electronics,5,38307,10,172381.5,10506.06
796,2025-08-03 22:20:32.432432432,CUST1063,Male,59,56-60,Mouse,Accessories,2,564,10,1015.2,236.54
797,2025-08-04 15:52:47.567567568,CUST1017,Female,39,36-45,Monitor,Electronics,5,17637,10,79366.5,5041.44
798,2025-08-05 09:25:02.702702704,CUST1081,Male,18,18-25,Tablet,Electronics,1,10215,15,8682.75,1323.93
799,2025-08-06 02:57:17.837837832,CUST1059,Male,60,56-60,Speaker,Accessories,1,11845,0,11845.0,2367.53
800,2025-08-06 20:29:32.972972968,CUST1017,Female,33,26-35,Monitor,Electronics,2,19113,0,38226.0,4906.77
801,2025-08-07 14:01:48.108108104,CUST1078,Male,30,26-35,Monitor,Electronics,5,24678,20,98712.0,14982.39
802,2025-08-08 07:34:03.243243240,CUST1066,Female,40,36-45,Smartphone,Electronics,3,17809,5,50755.65,7214.75
803,2025-08-09 01:06:18.378378376,CUST1051,Female,35,26-35,Tablet,Electronics,2,26576,15,45179.2,11223.74
804,2025-08-09 18:38:33.513513512,CUST1075,Male,60,56-60,Smartphone,Electronics,5,50289,0,251445.0,12923.38
805,2025-08-10 12:10:48.648648648,CUST1064,Female,23,18-25,Camera,Electronics,4,63871,10,229935.6,11524.28
806,2025-08-11 05:43:03.783783784,CUST1098,Female,41,36-45,Monitor,Electronics,3,13077,0,39231.0,4247.63
807,2025-08-11 23:15:18.918918920,CUST1030,Female,28,26-35,Monitor,Electronics,5,14568,5,69198.0,4937.98
808,2025-08-12 16:47:34.054054056,CUST1018,Female,34,26-35,Smartphone,Electronics,1,16230,10,14607.0,2585.17
809,2025-08-13 10:19:49.189189184,CUST1092,Male,51,46-55,Printer,Electronics,2,24300,0,48600.0,10412.55
810,2025-08-14 03:52:04.324324320,CUST1015,Male,54,46-55,Monitor,Electronics,3,17088,10,46137.6,9115.69
811,2025-08-14 21:24:19.459459456,CUST1042,Female,57,56-60,Power Bank,Accessories,4,4960,15,16864.0,3996.08
812,2025-08-15 14:56:34.594594592,CUST1045,Male,40,36-45,Laptop,Electronics,4,59782,15,203258.8,21910.02
813,2025-08-16 08:28:49.729729728,CUST1080,Female,31,26-35,Keyboard,Accessories,3,501,5,1427.85,126.87
814,2025-08-17 02:01:04.864864864,CUST1082,Female,29,26-35,Mouse,Accessories,1,428,20,342.4,44.61
815,2025-08-17 19:33:20.000000000,CUST1078,Male,23,18-25,Smartphone,Electronics,1,20398,5,19378.1,1782.39
816,2025-08-18 13:05:35.135135136,CUST1090,Female,44,36-45,Power Bank,Accessories,1,1347,20,1077.6,237.7
817,2025-08-19 06:37:50.270270272,CUST1086,Male,22,18-25,Printer,Electronics,2,23974,5,45550.6,3267.64
818,2025-08-20 00:10:05.405405400,CUST1086,Female,33,26-35,Monitor,Electronics,5,11225,10,50512.5,8866.65
819,2025-08-20 17:42:20.540540536,CUST1030,Male,50,46-55,Smartphone,Electronics,1,38110,10,34299.0,7380.74
820,2025-08-21 11:14:35.675675672,CUST1095,Male,60,56-60,Smartphone,Electronics,1,63128,20,50502.4,5693.67
821,2025-08-22 04:46:50.810810808,CUST1059,Female,56,56-60,Monitor,Electronics,2,12321,15,20945.7,3359.42
822,2025-08-22 22:19:05.945945944,CUST1075,Female,50,46-55,Laptop,Electronics,3,86270,5,245869.5,40047.0
823,2025-08-23 15:51:21.081081080,CUST1058,Male,33,26-35,Smartwatch,Wearables,3,18667,0,56001.0,4963.48
824,2025-08-24 09:23:36.216216216,CUST1086,Male,19,18-25,Smartphone,Electronics,4,37641,20,120451.2,14283.82
825,2025-08-25 02:55:51.351351352,CUST1047,Female,39,36-45,Power Bank,Accessories,2,1792,10,3225.6,197.24
826,2025-08-25 20:28:06.486486488,CUST1056,Male,55,46-55,Speaker,Accessories,5,1843,0,9215.0,626.18
827,2025-08-26 14:00:21.621621616,CUST1016,Male,49,46-55,Smartphone,Electronics,4,24533,0,98132.0,11635.29
828,2025-08-27 07:32:36.756756752,CUST1054,Female,47,46-55,Mouse,Accessories,2,2038,20,3260.8,519.56
829,2025-08-28 01:04:51.891891888,CUST1044,Male,27,26-35,Smartwatch,Wearables,1,4321,5,4104.95,341.72
830,2025-08-28 18:37:07.027027024,CUST1019,Male,34,26-35,Smartphone,Electronics,1,47924,15,40735.4,9793.3
831,2025-08-29 12:09:22.162162160,CUST1018,Female,60,56-60,Smartwatch,Wearables,1,13468,10,12121.2,1733.42
832,2025-08-30 05:41:37.297297296,CUST1095,Male,43,36-45,Camera,Electronics,2,25153,15,42760.1,7476.52
833,2025-08-30 23:13:52.432432432,CUST1075,Female,20,18-25,Mouse,Accessories,1,1086,0,1086.0,119.29
834,2025-08-31 16:46:07.567567568,CUST1051,Male,20,18-25,Laptop,Electronics,1,69238,5,65776.1,8067.51
835,2025-09-01 10:18:22.702702704,CUST1000,Female,24,18-25,Keyboard,Accessories,4,3459,20,11068.8,2202.3
836,2025-09-02 03:50:37.837837832,CUST1005,Female,42,36-45,Laptop,Electronics,2,47367,20,75787.2,10825.5
837,2025-09-02 21:22:52.972972968,CUST1077,Male,33,26-35,Keyboard,Accessories,1,1857,10,1671.3,121.28
838,2025-09-03 14:55:08.108108104,CUST1025,Female,50,46-55,Tablet,Electronics,1,27107,10,24396.3,5939.38
839,2025-09-04 08:27:23.243243240,CUST1032,Female,19,18-25,Speaker,Accessories,4,7180,15,24412.0,5917.97
840,2025-09-05 01:59:38.378378376,CUST1072,Female,51,46-55,Smartwatch,Wearables,2,9067,15,15413.9,936.49
841,2025-09-05 19:31:53.513513512,CUST1019,Male,32,26-35,Tablet,Electronics,1,25613,15,21771.05,4302.69
842,2025-09-06 13:04:08.648648648,CUST1082,Male,20,18-25,Speaker,Accessories,4,8989,15,30562.6,4084.94
843,2025-09-07 06:36:23.783783784,CUST1093,Male,23,18-25,Smartphone,Electronics,4,64429,5,244830.2,28294.68
844,2025-09-08 00:08:38.918918920,CUST1047,Male,57,56-60,Mouse,Accessories,3,2097,15,5347.35,1197.43
845,2025-09-08 17:40:54.054054056,CUST1036,Male,22,18-25,Tablet,Electronics,3,22665,20,54396.0,10407.09
846,2025-09-09 11:13:09.189189184,CUST1071,Male,32,26-35,Printer,Electronics,5,28469,0,142345.0,21866.39
847,2025-09-10 04:45:24.324324320,CUST1013,Female,28,26-35,Mouse,Accessories,2,771,20,1233.6,169.1
848,2025-09-10 22:17:39.459459456,CUST1016,Female,31,26-35,Tablet,Electronics,4,10363,5,39379.4,2385.03
849,2025-09-11 15:49:54.594594592,CUST1041,Female,20,18-25,Laptop,Electronics,3,60224,15,153571.2,9438.8
850,2025-09-12 09:22:09.729729728,CUST1001,Male,59,56-60,Smartphone,Electronics,1,18203,5,17292.85,3381.21
851,2025-09-13 02:54:24.864864864,CUST1062,Female,34,26-35,Power Bank,Accessories,2,1573,20,2516.8,461.42
852,2025-09-13 20:26:40.000000000,CUST1052,Male,29,26-35,Printer,Electronics,2,8567,5,16277.3,1902.63
853,2025-09-14 13:58:55.135135136,CUST1075,Male,27,26-35,Keyboard,Accessories,4,1635,15,5559.0,372.42
854,2025-09-15 07:31:10.270270272,CUST1019,Female,38,36-45,Monitor,Electronics,5,26667,5,126668.25,8099.66
855,2025-09-16 01:03:25.405405400,CUST1060,Male,40,36-45,Smartwatch,Wearables,1,15440,5,14668.0,2895.85
856,2025-09-16 18:35:40.540540536,CUST1050,Female,39,36-45,Power Bank,Accessories,2,2269,5,4311.1,258.37
857,2025-09-17 12:07:55.675675672,CUST1084,Female,55,46-55,Smartphone,Electronics,3,63247,20,151792.8,23315.69
858,2025-09-18 05:40:10.810810808,CUST1056,Female,56,56-60,Printer,Electronics,1,21802,5,20711.9,1345.84
859,2025-09-18 23:12:25.945945944,CUST1051,Female,49,46-55,Keyboard,Accessories,2,2830,5,5377.0,811.83
860,2025-09-19 16:44:41.081081080,CUST1056,Female,49,46-55,Camera,Electronics,2,49600,10,89280.0,18604.8
861,2025-09-20 10:16:56.216216216,CUST1017,Female,57,56-60,Keyboard,Accessories,5,2322,0,11610.0,2540.25
862,2025-09-21 03:49:11.351351352,CUST1017,Female,54,46-55,Laptop,Electronics,4,60914,5,231473.2,27600.72
863,2025-09-21 21:21:26.486486488,CUST1048,Male,25,18-25,Smartwatch,Wearables,4,18692,5,71029.6,9294.1
864,2025-09-22 14:53:41.621621616,CUST1039,Female,19,18-25,Speaker,Accessories,2,4735,0,9470.0,1611.4
865,2025-09-23 08:25:56.756756752,CUST1057,Female,21,18-25,Printer,Electronics,3,12353,20,29647.2,3202.16
866,2025-09-24 01:58:11.891891888,CUST1007,Male,33,26-35,Tablet,Electronics,4,31271,5,118829.8,7277.71
867,2025-09-24 19:30:27.027027024,CUST1057,Female,22,18-25,Smartphone,Electronics,5,40938,20,163752.0,15403.14
868,2025-09-25 13:02:42.162162160,CUST1085,Female,29,26-35,Camera,Electronics,3,29763,5,84824.55,10636.76
869,2025-09-26 06:34:57.297297296,CUST1039,Male,19,18-25,Power Bank,Accessories,5,3959,15,16825.75,1265.68
870,2025-09-27 00:07:12.432432432,CUST1051,Female,26,26-35,Power Bank,Accessories,5,2220,20,8880.0,784.91
871,2025-09-27 17:39:27.567567568,CUST1064,Female,32,26-35,Printer,Electronics,4,17618,15,59901.2,12057.53
872,2025-09-28 11:11:42.702702704,CUST1084,Female,28,26-35,Keyboard,Accessories,2,3504,20,5606.4,1396.57
873,2025-09-29 04:43:57.837837832,CUST1079,Male,44,36-45,Laptop,Electronics,5,75450,20,301800.0,74593.11
874,2025-09-29 22:16:12.972972968,CUST1096,Male,59,56-60,Mouse,Accessories,4,1925,20,6160.0,679.83
875,2025-09-30 15:48:28.108108104,CUST1055,Female,26,26-35,Power Bank,Accessories,5,3797,15,16137.25,2059.03
876,2025-10-01 09:20:43.243243240,CUST1057,Female,22,18-25,Headphones,Accessories,2,2868,5,5449.2,804.43
877,2025-10-02 02:52:58.378378376,CUST1071,Female,59,56-60,Speaker,Accessories,4,2704,0,10816.0,1006.22
878,2025-10-02 20:25:13.513513512,CUST1053,Male,27,26-35,Mouse,Accessories,1,954,20,763.2,99.08
879,2025-10-03 13:57:28.648648648,CUST1075,Female,27,26-35,Headphones,Accessories,4,4985,15,16949.0,4157.99
880,2025-10-04 07:29:43.783783784,CUST1034,Male,53,46-55,Smartphone,Electronics,3,64724,20,155337.6,13379.46
881,2025-10-05 01:01:58.918918920,CUST1027,Male,51,46-55,Printer,Electronics,4,21784,20,69708.8,6866.93
882,2025-10-05 18:34:14.054054056,CUST1038,Female,33,26-35,Camera,Electronics,4,36332,5,138061.6,19999.84
883,2025-10-06 12:06:29.189189184,CUST1038,Female,34,26-35,Camera,Electronics,3,29951,10,80867.7,13379.01
884,2025-10-07 05:38:44.324324320,CUST1070,Male,55,46-55,Camera,Electronics,4,99160,10,356976.0,47173.06
885,2025-10-07 23:10:59.459459456,CUST1048,Male,19,18-25,Tablet,Electronics,3,48698,5,138789.3,30723.38
886,2025-10-08 16:43:14.594594592,CUST1067,Female,43,36-45,Power Bank,Accessories,1,4238,20,3390.4,755.63
887,2025-10-09 10:15:29.729729728,CUST1048,Female,47,46-55,Power Bank,Accessories,3,3864,5,11012.4,1609.04
888,2025-10-10 03:47:44.864864864,CUST1086,Female,38,36-45,Power Bank,Accessories,4,4734,15,16095.6,1461.46
889,2025-10-10 21:20:00.000000000,CUST1016,Male,37,36-45,Monitor,Electronics,4,22863,20,73161.6,9535.84
890,2025-10-11 14:52:15.135135136,CUST1061,Male,54,46-55,Smartphone,Electronics,3,23605,20,56652.0,5015.7
891,2025-10-12 08:24:30.270270272,CUST1043,Female,53,46-55,Keyboard,Accessories,4,518,20,1657.6,149.65
892,2025-10-13 01:56:45.405405400,CUST1095,Male,21,18-25,Mouse,Accessories,2,2029,20,3246.4,166.96
893,2025-10-13 19:29:00.540540536,CUST1090,Male,58,56-60,Camera,Electronics,5,69921,5,332124.75,33527.91
894,2025-10-14 13:01:15.675675672,CUST1048,Female,38,36-45,Power Bank,Accessories,1,1680,20,1344.0,273.07
895,2025-10-15 06:33:30.810810808,CUST1037,Male,34,26-35,Printer,Electronics,2,21032,15,35754.4,6120.42
896,2025-10-16 00:05:45.945945944,CUST1042,Female,36,36-45,Speaker,Accessories,2,6611,0,13222.0,2164.26
897,2025-10-16 17:38:01.081081080,CUST1057,Female,53,46-55,Laptop,Electronics,4,51529,0,206116.0,47156.6
898,2025-10-17 11:10:16.216216216,CUST1020,Female,38,36-45,Speaker,Accessories,4,6511,0,26044.0,6296.77
899,2025-10-18 04:42:31.351351352,CUST1002,Male,23,18-25,Smartphone,Electronics,5,43690,0,218450.0,54559.76
900,2025-10-18 22:14:46.486486488,CUST1054,Male,38,36-45,Camera,Electronics,1,74703,10,67232.7,13177.63
901,2025-10-19 15:47:01.621621616,CUST1072,Male,51,46-55,Keyboard,Accessories,3,872,20,2092.8,249.96
902,2025-10-20 09:19:16.756756752,CUST1019,Male,19,18-25,Laptop,Electronics,3,48695,5,138780.75,33605.66
903,2025-10-21 02:51:31.891891888,CUST1068,Male,34,26-35,Printer,Electronics,2,6574,15,11175.8,2232.25
904,2025-10-21 20:23:47.027027024,CUST1039,Male,35,26-35,Tablet,Electronics,3,34518,0,103554.0,23457.37
905,2025-10-22 13:56:02.162162160,CUST1072,Male,55,46-55,Keyboard,Accessories,5,703,15,2987.75,509.86
906,2025-10-23 07:28:17.297297296,CUST1011,Female,41,36-45,Keyboard,Accessories,5,3717,5,17655.75,4379.63
907,2025-10-24 01:00:32.432432432,CUST1031,Female,34,26-35,Smartphone,Electronics,3,43258,0,129774.0,29737.1
908,2025-10-24 18:32:47.567567568,CUST1085,Male,26,26-35,Power Bank,Accessories,4,1719,15,5844.6,1220.37
909,2025-10-25 12:05:02.702702704,CUST1000,Male,36,36-45,Speaker,Accessories,4,4892,20,15654.4,1485.24
910,2025-10-26 05:37:17.837837832,CUST1031,Female,49,46-55,Camera,Electronics,4,89341,5,339495.8,74335.84
911,2025-10-26 23:09:32.972972968,CUST1043,Female,45,36-45,Speaker,Accessories,3,2178,0,6534.0,1070.54
912,2025-10-27 16:41:48.108108104,CUST1037,Female,48,46-55,Smartwatch,Wearables,2,18198,15,30936.6,2118.84
913,2025-10-28 10:14:03.243243240,CUST1004,Male,26,26-35,Speaker,Accessories,1,8867,10,7980.3,1928.26
914,2025-10-29 03:46:18.378378376,CUST1077,Female,47,46-55,Power Bank,Accessories,4,4283,15,14562.2,1195.95
915,2025-10-29 21:18:33.513513512,CUST1088,Male,48,46-55,Monitor,Electronics,4,21180,15,72012.0,15435.81
916,2025-10-30 14:50:48.648648648,CUST1041,Male,24,18-25,Laptop,Electronics,4,54953,20,175849.6,33803.92
917,2025-10-31 08:23:03.783783784,CUST1067,Male,29,26-35,Monitor,Electronics,2,20873,15,35484.1,8752.8
918,2025-11-01 01:55:18.918918920,CUST1044,Male,58,56-60,Tablet,Electronics,3,12042,5,34319.7,2155.93
919,2025-11-01 19:27:34.054054048,CUST1002,Female,51,46-55,Camera,Electronics,2,36620,5,69578.0,7788.13
920,2025-11-02 12:59:49.189189184,CUST1047,Female,39,36-45,Monitor,Electronics,3,21890,20,52536.0,4718.71
921,2025-11-03 06:32:04.324324320,CUST1016,Male,24,18-25,Laptop,Electronics,2,51267,5,97407.3,10514.69
922,2025-11-04 00:04:19.459459456,CUST1076,Male,23,18-25,Keyboard,Accessories,5,1491,5,7082.25,364.58
923,2025-11-04 17:36:34.594594592,CUST1067,Female,38,36-45,Headphones,Accessories,4,1151,10,4143.6,553.87
924,2025-11-05 11:08:49.729729728,CUST1076,Female,54,46-55,Printer,Electronics,3,15694,15,40019.7,5460.54
925,2025-11-06 04:41:04.864864864,CUST1098,Male,31,26-35,Keyboard,Accessories,3,2809,0,8427.0,729.55
926,2025-11-06 22:13:20.000000000,CUST1091,Female,58,56-60,Laptop,Electronics,1,72332,15,61482.2,5851.13
927,2025-11-07 15:45:35.135135136,CUST1057,Female,43,36-45,Speaker,Accessories,3,3986,10,10762.2,1170.75
928,2025-11-08 09:17:50.270270272,CUST1052,Male,41,36-45,Power Bank,Accessories,4,4486,20,14355.2,1364.21
929,2025-11-09 02:50:05.405405400,CUST1004,Female,30,26-35,Power Bank,Accessories,2,4757,20,7611.2,383.72
930,2025-11-09 20:22:20.540540536,CUST1066,Female,28,26-35,Camera,Electronics,5,51505,5,244648.75,47190.77
931,2025-11-10 13:54:35.675675672,CUST1040,Male,48,46-55,Smartwatch,Wearables,5,23318,20,93272.0,10450.85
932,2025-11-11 07:26:50.810810808,CUST1069,Female,51,46-55,Keyboard,Accessories,1,2943,0,2943.0,415.01
933,2025-11-12 00:59:05.945945944,CUST1092,Female,44,36-45,Tablet,Electronics,2,46863,15,79667.1,5799.22
934,2025-11-12 18:31:21.081081080,CUST1017,Male,54,46-55,Smartwatch,Wearables,4,7408,5,28150.4,4384.18
935,2025-11-13 12:03:36.216216216,CUST1043,Female,54,46-55,Monitor,Electronics,3,18889,5,53833.65,7343.02
936,2025-11-14 05:35:51.351351352,CUST1012,Male,40,36-45,Smartphone,Electronics,3,22777,15,58081.35,8993.27
937,2025-11-14 23:08:06.486486488,CUST1044,Male,33,26-35,Printer,Electronics,5,25830,15,109777.5,24546.24
938,2025-11-15 16:40:21.621621616,CUST1006,Male,41,36-45,Keyboard,Accessories,3,3885,20,9324.0,558.15
939,2025-11-16 10:12:36.756756752,CUST1018,Male,55,46-55,Camera,Electronics,4,61404,5,233335.2,35326.93
940,2025-11-17 03:44:51.891891888,CUST1002,Female,46,46-55,Printer,Electronics,5,7017,10,31576.5,4337.08
941,2025-11-17 21:17:07.027027024,CUST1096,Female,46,46-55,Smartwatch,Wearables,3,8240,5,23484.0,1526.27
942,2025-11-18 14:49:22.162162160,CUST1062,Male,56,56-60,Mouse,Accessories,2,1434,5,2724.6,615.39
943,2025-11-19 08:21:37.297297296,CUST1083,Male,52,46-55,Headphones,Accessories,4,7758,0,31032.0,7210.71
944,2025-11-20 01:53:52.432432432,CUST1001,Female,19,18-25,Headphones,Accessories,4,4580,5,17404.0,1062.0
945,2025-11-20 19:26:07.567567568,CUST1084,Male,55,46-55,Smartphone,Electronics,2,50953,15,86620.1,11225.28
946,2025-11-21 12:58:22.702702704,CUST1089,Female,23,18-25,Laptop,Electronics,1,89538,5,85061.1,15511.92
947,2025-11-22 06:30:37.837837832,CUST1015,Female,43,36-45,Mouse,Accessories,4,1907,20,6102.4,457.99
948,2025-11-23 00:02:52.972972968,CUST1054,Male,33,26-35,Laptop,Electronics,3,65523,20,157255.2,21985.46
949,2025-11-23 17:35:08.108108104,CUST1045,Female,38,36-45,Speaker,Accessories,3,5249,5,14959.65,1479.97
950,2025-11-24 11:07:23.243243240,CUST1062,Female,28,26-35,Printer,Electronics,1,18916,20,15132.8,1526.17
951,2025-11-25 04:39:38.378378376,CUST1008,Female,37,36-45,Mouse,Accessories,2,2378,5,4518.2,535.31
952,2025-11-25 22:11:53.513513512,CUST1022,Male,27,26-35,Camera,Electronics,4,85277,20,272886.4,16755.36
953,2025-11-26 15:44:08.648648648,CUST1072,Male,57,56-60,Printer,Electronics,4,12575,20,40240.0,4641.59
954,2025-11-27 09:16:23.783783784,CUST1042,Female,44,36-45,Printer,Electronics,5,26057,20,104228.0,20537.68
955,2025-11-28 02:48:38.918918920,CUST1035,Female,45,36-45,Power Bank,Accessories,5,4260,5,20235.0,1844.95
956,2025-11-28 20:20:54.054054048,CUST1000,Female,44,36-45,Printer,Electronics,2,16776,0,33552.0,7439.15
957,2025-11-29 13:53:09.189189184,CUST1057,Female,27,26-35,Tablet,Electronics,4,47528,20,152089.6,32329.72
958,2025-11-30 07:25:24.324324320,CUST1036,Female,19,18-25,Monitor,Electronics,2,21393,5,40646.7,2489.32
959,2025-12-01 00:57:39.459459456,CUST1000,Female,56,56-60,Keyboard,Accessories,4,3124,0,12496.0,1409.95
960,2025-12-01 18:29:54.594594592,CUST1063,Male,47,46-55,Mouse,Accessories,3,345,10,931.5,87.14
961,2025-12-02 12:02:09.729729728,CUST1027,Male,43,36-45,Power Bank,Accessories,1,3383,5,3213.85,648.54
962,2025-12-03 05:34:24.864864864,CUST1015,Female,33,26-35,Keyboard,Accessories,3,2500,10,6750.0,651.89
963,2025-12-03 23:06:40.000000000,CUST1012,Male,51,46-55,Printer,Electronics,1,23987,10,21588.3,5086.26
964,2025-12-04 16:38:55.135135136,CUST1086,Female,28,26-35,Camera,Electronics,2,99854,0,199708.0,24146.62
965,2025-12-05 10:11:10.270270272,CUST1047,Male,56,56-60,Tablet,Electronics,4,44864,5,170483.2,15229.85
966,2025-12-06 03:43:25.405405400,CUST1027,Male,58,56-60,Smartphone,Electronics,4,25737,20,82358.4,19695.44
967,2025-12-06 21:15:40.540540536,CUST1082,Female,52,46-55,Laptop,Electronics,4,74808,0,299232.0,45769.58
968,2025-12-07 14:47:55.675675672,CUST1052,Female,22,18-25,Laptop,Electronics,3,84565,10,228325.5,44918.15
969,2025-12-08 08:20:10.810810808,CUST1079,Female,53,46-55,Keyboard,Accessories,4,3239,20,10364.8,860.14
970,2025-12-09 01:52:25.945945944,CUST1046,Female,35,26-35,Printer,Electronics,2,7044,15,11974.8,2233.71
971,2025-12-09 19:24:41.081081080,CUST1030,Female,46,46-55,Tablet,Electronics,2,11620,0,23240.0,5303.25
972,2025-12-10 12:56:56.216216216,CUST1013,Male,26,26-35,Headphones,Accessories,1,1100,5,1045.0,196.83
973,2025-12-11 06:29:11.351351352,CUST1040,Male,50,46-55,Speaker,Accessories,2,7573,10,13631.4,2858.66
974,2025-12-12 00:01:26.486486488,CUST1011,Female,54,46-55,Headphones,Accessories,4,5235,20,16752.0,2278.75
975,2025-12-12 17:33:41.621621616,CUST1068,Male,22,18-25,Headphones,Accessories,2,2129,5,4045.1,963.14
976,2025-12-13 11:05:56.756756752,CUST1061,Male,26,26-35,Camera,Electronics,1,94603,15,80412.55,18103.84
977,2025-12-14 04:38:11.891891888,CUST1041,Male,46,46-55,Printer,Electronics,2,8509,0,17018.0,1726.14
978,2025-12-14 22:10:27.027027024,CUST1061,Female,35,26-35,Keyboard,Accessories,1,3743,10,3368.7,607.9
979,2025-12-15 15:42:42.162162160,CUST1088,Male,55,46-55,Camera,Electronics,2,56673,15,96344.1,20611.41
980,2025-12-16 09:14:57.297297296,CUST1036,Male,55,46-55,Printer,Electronics,4,15078,0,60312.0,14661.23
981,2025-12-17 02:47:12.432432432,CUST1008,Female,51,46-55,Smartwatch,Wearables,5,17733,20,70932.0,17412.93
982,2025-12-17 20:19:27.567567568,CUST1089,Male,49,46-55,Camera,Electronics,3,59929,15,152818.95,31533.55
983,2025-12-18 13:51:42.702702704,CUST1024,Male,47,46-55,Printer,Electronics,2,18673,10,33611.4,5913.48
984,2025-12-19 07:23:57.837837832,CUST1040,Male,30,26-35,Headphones,Accessories,4,3722,0,14888.0,799.58
985,2025-12-20 00:56:12.972972968,CUST1068,Female,48,46-55,Power Bank,Accessories,2,3199,5,6078.1,675.76
986,2025-12-20 18:28:28.108108104,CUST1033,Female,59,56-60,Camera,Electronics,2,25767,10,46380.6,5665.91
987,2025-12-21 12:00:43.243243240,CUST1023,Male,47,46-55,Mouse,Accessories,3,696,10,1879.2,272.31
988,2025-12-22 05:32:58.378378376,CUST1097,Male,23,18-25,Mouse,Accessories,4,2332,15,7928.8,1354.72
989,2025-12-22 23:05:13.513513512,CUST1058,Male,35,26-35,Camera,Electronics,4,63445,15,215713.0,48472.19
990,2025-12-23 16:37:28.648648648,CUST1072,Male,60,56-60,Smartphone,Electronics,5,52755,5,250586.25,20673.92
991,2025-12-24 10:09:43.783783784,CUST1071,Female,37,36-45,Headphones,Accessories,1,2298,20,1838.4,218.17
992,2025-12-25 03:41:58.918918920,CUST1041,Male,40,36-45,Headphones,Accessories,2,7170,10,12906.0,1982.4
993,2025-12-25 21:14:14.054054048,CUST1015,Male,58,56-60,Tablet,Electronics,3,22516,10,60793.2,6312.64
994,2025-12-26 14:46:29.189189184,CUST1068,Female,24,18-25,Tablet,Electronics,4,31575,20,101040.0,13947.16
995,2025-12-27 08:18:44.324324320,CUST1096,Male,43,36-45,Laptop,Electronics,5,84443,0,422215.0,66814.53
996,2025-12-28 01:50:59.459459456,CUST1038,Female,35,26-35,Speaker,Accessories,5,10489,5,49822.75,6065.85
997,2025-12-28 19:23:14.594594592,CUST1045,Female,43,36-45,Laptop,Electronics,1,89904,5,85408.8,19930.25
998,2025-12-29 12:55:29.729729728,CUST1073,Female,55,46-55,Smartphone,Electronics,2,49714,0,99428.0,14762.41
999,2025-12-30 06:27:44.864864864,CUST1021,Female,46,46-55,Laptop,Electronics,2,60390,15,102663.0,18100.4
1000,2025-12-31 00:00:00.000000000,CUST1009,Female,40,36-45,Headphones,Accessories,2,1600,20,2560.0,362.86
